"﻿""Nombre Cóctel""",Puntuación Diffords,Cristalería (Glass),Ingredientes Originales,Adorno (Garnish),Método (How to make),Coste Estimado,Calorías,Grado Alcohólico (ABV),Historia / Curiosidades,Enlace Original
Sweet Martini,Difford’s Guide Discerning Drinkers (40 ratings),Serve in a Martini glass,"- 75 ml Hayman's London Dry Gin
- 15 ml Strucchi Rosso Vermouth",Garnish with skewered cherry.,"STIR all ingredients with ice.
FINE STRAIN into chilled glass.",No especificado,188 kcal,No especificado,Sin registro histórico,https://www.diffordsguide.com/cocktails/recipe/2887/sweet-martini
Vermouth & Soda,Difford’s Guide Discerning Drinkers (12 ratings),Photographed in an Urban Bar Fluet Old Fashioned 34cl,"- 60 ml Strucchi Rosso Vermouth chilled
- 60 ml Thomas Henry Soda Water chilled",Sin adorno específico,"Select and pre-chill an OLD-FASHIONED GLASS.
Prepare garnish of half orange slice wheel skewered with green olive.
POUR all ingredients into ice-filled glass.
Garnish with orange slice skewered with olive.",No especificado,92 kcal,No especificado,"Any style of vermouth: dry, bianco or rosso can be served with soda water, but in Spain and particularly Catalonia, where the combination of vermouth and soda is one of the most popular drinks, the vermouth is almost always a rojo (the Spanish term for red/rosso or 'sweet' vermouth.",https://www.diffordsguide.com/cocktails/recipe/35966/vermouth-and-soda
Sweet Manhattan (batched recipe),Difford’s Guide Discerning Drinkers (9 ratings),Serve in a Coupe glass,"- 300 ml Bourbon whiskey
- 300 ml Straight rye whiskey (100 proof /50% alc./vol.)
- 300 ml Strucchi Rosso Vermouth
- 25 ml Luxardo Maraschino liqueur
- 25 ml Heering Cherry Liqueur
- 10 ml Angostura Aromatic Bitters
- 5 ml Peychaud's or other Creole-style bitters",Express an orange zest twist over cocktail and discard. Garnish each cocktail with a skewered maraschino cherry.,"COMBINE all ingredients and stir (without ice).
POUR into a litre bottle and leave to chill in a refrigerator.
To serve, STIR 2 shots / 2oz / 60ml of the bottled mixture with ice and strain into chilled glass.",No especificado,2023 kcal,No especificado,"Created in 2016 by yours truly at the Cabinet Room, London, England.
See: Manhattan cocktail history",https://www.diffordsguide.com/cocktails/recipe/3943/sweet-manhattan-batched-recipe
Sweet Virginia,Difford’s Guide Discerning Drinkers (7 ratings),Photographed in an Urban Bar Alto Coupe 18cl,"- 45 ml Bourbon whiskey
- 20 ml Heering Cherry Liqueur
- 15 ml Ferrand Dry Curaçao
- 15 ml Strucchi Rosso Vermouth
- 15 ml Pineapple juice
- 1 dash Boker's style bitters
- 1 dash Peychaud's or other Creole-style bitters",Garnish with pineapple wedge skewered with maraschino cherry.,"SHAKE all ingredients with ice.
FINE STRAIN into chilled glass.",No especificado,262 kcal,No especificado,"Eponymously named after the Rolling Stone's song, this is a riff on the classic Eastern Sin by yours truly in October 2024.",https://www.diffordsguide.com/cocktails/recipe/31242/sweet-virginia
Manhattan (Sweet),Difford’s Guide Discerning Drinkers (528 ratings),Photographed in an UB Retro Coupe Gold 7.75oz,"- 45 ml Bourbon whiskey
- 15 ml Straight rye whiskey (100 proof /50% alc./vol.)
- 30 ml Strucchi Rosso Vermouth
- 1 dash Angostura Aromatic Bitters","EXPRESS orange zest twist over cocktail and discard.
Garnish with skewered cherry.","STIR all ingredients with ice.
FINE STRAIN into chilled glass.",No especificado,191 kcal,No especificado,See Manhattan cocktail history,https://www.diffordsguide.com/cocktails/recipe/1247/manhattan-sweet
High Ryeser,Difford’s Guide Discerning Drinkers (222 ratings),Photographed in an UB Retro Coupe 1910,"- 45 ml Straight rye whiskey (100 proof /50% alc./vol.)
- 45 ml Strucchi Rosso Vermouth
- 1 dash Angostura Aromatic Bitters",Express orange zest twist over cocktail and discard. Garnish with maraschino cherry.,"STIR all ingredients with ice.
FINE STRAIN into chilled glass.",No especificado,169 kcal,No especificado,See Manhattan cocktail history,https://www.diffordsguide.com/cocktails/recipe/6281/high-ryeser
Manhattan (Sweet with Bitter Chocolate),Difford’s Guide Discerning Drinkers (79 ratings),Serve in a Coupe glass,"- 60 ml Bourbon whiskey
- 22.5 ml Strucchi Rosso Vermouth
- 5 ml De Kuyper Brown Crème de Cacao
- 5 ml Luxardo Maraschino liqueur
- 6 drop Bob's Chocolate bitters",Garnish with chocolate balanced on rim.,"STIR all ingredients with ice.
FINE STRAIN into chilled glass.",No especificado,211 kcal,No especificado,"Created by yours truly in April 2017 at the Cabinet Room in London, England.
See: Manhattan cocktail history",https://www.diffordsguide.com/cocktails/recipe/4111/manhattan-sweet-with-bitter-chocolate
Negroni Cocktail,Difford’s Guide Discerning Drinkers (1519 ratings),Photographed in an Urban Bar Fluet Old Fashioned 34cl,"- 30 ml Hayman's London Dry Gin
- 30 ml Strucchi Red Bitter (Campari-style liqueur)
- 30 ml Strucchi Rosso Vermouth",Garnish with orange wedge or slice and/or orange zest twist.,"POUR all ingredients into ice-filled glass.
STIR.",No especificado,183 kcal,No especificado,Negroni cocktail history and recipe variations,https://www.diffordsguide.com/cocktails/recipe/1392/negroni-cocktail
Fridge Negroni,Difford’s Guide Discerning Drinkers (15 ratings),Serve in a Bottle,"- 30 ml Hayman's London Dry Gin
- 30 ml Strucchi Red Bitter (Campari-style liqueur)
- 30 ml Strucchi Rosso Vermouth
- 10 ml Chilled water",Garnish each individual serve with an orange slice wheel.,"Use the serve number selector (below the ingredients) to set the number of serves you want in your pre-batch. (x7 serves is recommended as this will fill a standard bottle – see below for x7 volumes and weights).
POUR all ingredients into a clean, resealable 70cl or 75cl bottle.
Seal the bottle and turn/shake to ensure the integration of ingredients.
Place in a refrigerator to chill for at least 4 hours prior to serving.
For each Individual serve: POUR 100ml into an ice-filled old-fashioned glass.",No especificado,183 kcal,No especificado,Formula and measures by yours truly.,https://www.diffordsguide.com/cocktails/recipe/30008/fridge-negroni
Million Dollar Cocktail,Difford’s Guide Discerning Drinkers (56 ratings),Serve in a Coupe glass,"- 45 ml Hayman's London Dry Gin
- 22.5 ml Strucchi Rosso Vermouth chilled
- 15 ml Pineapple juice
- 7.5 ml Grenadine/pomegranate syrup
- 15 ml Egg white (pasteurised) or Vegg White vegan egg white alternative
- 2 drop Saline solution (20g sea salt to 80g water) or merest pinch of s","EXPRESS lemon zest twist over the cocktail and discard.
Garnish with pineapple wedge on rim.","SHAKE all ingredients with ice and strain back into shaker.
DRY SHAKE (without ice).
FINE STRAIN into chilled glass.",No especificado,173 kcal,No especificado,"Some say the Million Dollar Cocktail was created as early as 1894 by Louis Eppinger (the bartender credited for creating the Bamboo Cocktail) at The Grand Hotel, Yokohama, Japan. Others maintain it was created around 1910 by Ngiam Tong Boon at The Long Bar, Raffles Hotel, Singapore. While, in his 1939 book The Gentleman's Companion volume II, Charles H. Baker, Jr. credits his first recipe for a Million Dollar Cocktail to Shideaki Saito, ""Saito, No. 1 Bar Boy at The Imperial Hotel, Tokyo, Japan, 1926, 1931 & 1932"", as his second recipe to ""Nomura the No. 1 Bar Boy at Tor Hotel, Kobe, dating from 1926, to 1931 & 1932."" David Wondrich, the noted cocktail historian, discounts Singapore, Yokohama and Tokyo in favour of the Million Dollar Cocktail originating at the Shanghai Club in China. Founded as The Correspondent's Club in 1861, this was the principal men's club for British residents of Shanghai. Wondrich says, [courtesy of spiritsandcocktails.community] ""The earliest and sanest recipe I've found for the drink dates back to 1922, when J.A. Wolfson, a Manila lawyer, included it in a little cocktails section he contributed to Elsie Gaches's Good Cooking and Health in the Tropics, published in Manila that year."" The Million Dollar Cocktail notably also features in Jean Lupoiu's 1928 book 370 Recettes de Cocktails, and Harry Craddock's 1930 The Savoy Cocktail Book, while the 1933 Fourth Edition of O'Dell's Book of Cocktails and Fancy Drinks in English and Japanese has two recipes.",https://www.diffordsguide.com/cocktails/recipe/1319/million-dollar-cocktail
Man O' War,Difford’s Guide Discerning Drinkers (879 ratings),Serve in a Coupe glass,"- 45 ml Bourbon whiskey
- 15 ml De Kuyper Triple Sec (40%)
- 15 ml Strucchi Rosso Vermouth
- 15 ml Lemon juice (freshly squeezed)
- 2.5 ml Sugar syrup 'rich' (2 sugar to 1 water, 65.0°Brix) optional
- 3 drop Saline solution (20g sea salt to 80g water) or merest pinch of s optional",EXPRESS lemon zest twist over the cocktail and float for garnish.,"SHAKE all ingredients with ice.
FINE STRAIN into chilled glass.",No especificado,180 kcal,No especificado,"This cocktail is said to be named after an American thoroughbred who was one of the greatest racehorses in history, winning 20 of 21 races in 1919-20, so it is thought to have ""originated in the mid-20th century,"" which follows given the thoroughbred's period of notoriety. However, you'd think such a cocktail would also appear in one or more of the numerous cocktail tomes published in the mid-1930s and subsequent decades. Well, not that I can find. I may have missed the bleeding obvious, but until somebody (please) points me in the right direction, I will regard the Man O' War as a modern-day cocktail. American newspapers from 1915 do feature a ""man-o'-war cocktail"" but as The West Virginian reports on 24th July that year, this is a quite different cocktail ""...made by putting one can of condensed milk in a gallon of hot water; pouring one quart of alcohol over six well-beaten eggs, adding two cups of sugar and some nutmeg (if you can get it). The result is a concoction that tastes not unlike a Christmas egg-nog."" Or its name may have come from the ""Man-O-War cocktail lounge"" at the 120-room Holiday Inn, part of a ten-acre complex built on Route 132 in Cape Cod in 1969. Or, indeed, an entirely different ""Man-o'-War cocktail lounge"" at the New Edgewater Beach Hotel, which opened in 1967 in Broward County, Southeast Florida. However, the thoroughbred link is supported by The Indianapolis Star newspaper on 30th April 2015 as one of three ""Kentucky Derby Cocktails Done Right.""",https://www.diffordsguide.com/cocktails/recipe/4819/man-o-war
J & Tony's Hot Negroni,Difford’s Guide Discerning Drinkers (30 ratings),Serve in a Toddy glass,"- 15 ml Hayman's London Dry Gin
- 15 ml Strucchi Red Bitter (Campari-style liqueur)
- 15 ml Strucchi Rosso Vermouth
- 5 ml Lemon juice (freshly squeezed)
- 5 ml Sugar syrup 'rich' (2 sugar to 1 water, 65.0°Brix)
- 80 ml Boiling water",Sin adorno específico,"Select and pre-heat a TODDY GLASS.
Prepare garnish of orange zest twist.
POUR all ingredients into pre-warmed heat-proof glass.
EXPRESS orange zest twist over the cocktail and use as garnish.",No especificado,108 kcal,No especificado,"Adapted from a recipe created in 2021 by Ewan Bennie at J & Tony's Discount Cured Meats And Negroni Warehouse in San Diego, California, USA. Originally made with Cocchi Storico Vermouth di Torino.",https://www.diffordsguide.com/cocktails/recipe/21824/j-and-tonys-hot-negroni
Old Flame,Difford’s Guide Discerning Drinkers (195 ratings),Serve in a Martini glass,"- 30 ml Hayman's London Dry Gin
- 15 ml De Kuyper Triple Sec (40%)
- 15 ml Strucchi Rosso Vermouth
- 15 ml Strucchi Red Bitter (Campari-style liqueur)
- 30 ml Orange juice (freshly squeezed)","EXPRESS flamed orange zest twist over cocktail, then use as garnish.","SHAKE all ingredients with ice.
FINE STRAIN into chilled glass.",No especificado,173 kcal,No especificado,"Adapted from a recipe created in 2001 by Dale DeGroff in New York, USA.",https://www.diffordsguide.com/cocktails/recipe/2721/old-flame
Marianito,Difford’s Guide Discerning Drinkers (58 ratings),Serve in an Old-fashioned glass,"- 75 ml Strucchi Rosso Vermouth
- 15 ml Hayman's London Dry Gin
- 15 ml Strucchi Red Bitter (Campari-style liqueur)
- 3 dash Angostura Aromatic Bitters
- 2 drop Saline solution (20g sea salt to 80g water) or merest pinch of s",EXPRESS orange zest over cocktail and skewer with olive to use as garnish.,"STIR all ingredients with ice.
STRAIN into ice-filled glass.",No especificado,184 kcal,No especificado,"Traditionally made with Spanish vermouth, the Marianito originated in northern Spain and remains especially popular in the Basque Country, La Rioja, and the city of Burgos. Properly known as a ""Marianito Preparado"", simply ordering a ""Marianito"" in many Spanish bars will often result in a small glass of vermouth being served instead.",https://www.diffordsguide.com/cocktails/recipe/29929/marianito
Adonis,Difford’s Guide Discerning Drinkers (56 ratings),Serve in a Coupe glass,"- 30 ml Lustau Palo Cortado Península Sherry
- 30 ml Lustau Amontillado Los Arcos Sherry
- 30 ml Strucchi Rosso Vermouth
- 2.5 ml Strucchi Red Bitter (Campari-style liqueur)","EXPRESS orange zest twist over the cocktail and discard.
Garnish with skewered olive.","THROW (or STIR) all ingredients with ice.
STRAIN into chilled glass.",No especificado,121 kcal,No especificado,"The first known mention of the Adonis in print is in the ""Pearls from Billy, the bartender"" column in New York's The Sun newspaper on 27th March 1887. The column describes three customers, ""three young bloods, with bell-crowned beavers of matchless sheen and silver-headed canes of ultra fashionable immensity who walk into the bar where Billy was bartending and order ""Three Adonis cocktails, please."" Billy proceeds the confidently make and serve them three cocktails which they drink, pay ""fifteen cents each"" for and leave. Then it becomes clear that Billy has no idea what an Adonis is. """"What on earth is an Adonis cocktail?"" asked the reporter who had watched the incident. ""Blessed if I know,"" said Billy, with an air of perfect frankness; ""but I wouldn't be much of a bartender if I let any customer bluff me off with any new-fangled name. I gave them what I always have known as a turf club cocktail, and it suited. The first principle of good bartending is to know how to make everything on earth in the drink line, no matter whether you have ever heard of it before or not."""" This irreverent column doesn't reveal what comprised an Adonis but it does tell us that it was a ""new-fangled"" cocktail at the time so dating its origin prior to 1897. It's another 16 years before the Adonis appears in a recipe book, Jacques Straub's 1913 Straub's Manual of Mixed Drinks establishing the recipe as two-thirds Italian (sweet) vermouth to one-third sherry with 2 dashes orange bitters.

The origins of the Adonis name appear in Albert Stevens Crockett's 1931 Old Waldorf Bar Days where, along with the recipe, he reveals that the cocktail is named after a Broadway musical. The Adonis opened at Hooley's Opera House in Chicago in the summer of 1884 before moving to New York's Bijou Theatre in September of that year, where after 603 performances, it became the longest-running Broadway show of the era. Crocket mentions two stars of the show, Henry E. Dixey who played Adonis and Fanny Ward who played Cupid. Both joined the show for its New York run so dating the Adonis cocktail's creation between late 1884 and 1887, most likely 1885/6.

Crocket stipulates equal proportions of sherry to Italian vermouth, quite different to Straub's vermouth heavy 1913 recipe but Crocket is in the minority with all other recipe books leaning towards Straub's two-thirds Italian (sweet) vermouth to one-third sherry. It is Harry Craddock, in his 1930 The Savoy Cocktail Book who upsets the established recipe by reversing the dominance of vermouth over sherry. Interestingly, Jacques Straub, and others, call this two-thirds dry sherry to one-third Italian vermouth recipe a ""Harvard Cocktail"". However, such is Cradock's influence that modern-day convention holds that this sherry-heavy recipe is an Adonis while a Harvard is a very different cognac-based cocktail.",https://www.diffordsguide.com/cocktails/recipe/18/adonis
Flying Scotsman,Difford’s Guide Discerning Drinkers (158 ratings),Serve in an Old-fashioned glass,"- 50 ml Blended Scotch whisky
- 45 ml Strucchi Rosso Vermouth
- 5 ml Sugar syrup 'rich' (2 sugar to 1 water, 65.0°Brix)
- 2 dash Angostura Aromatic Bitters",EXPRESS orange zest twist over the cocktail and use as garnish.,"STIR all ingredients with ice.
STRAIN into ice-filled glass (preferably over a large cube or chunk of block ice).",No especificado,197 kcal,No especificado,"Named after what is perhaps the world's most famous steam locomotive, The Flying Scotsman set two world records, the first steam locomotive reach 100 miles per hour and the longest non-stop run by a steam locomotive (422 miles in 1989 whilst in Australia). The Flying Scotsman was built in 1923 for the London and North Eastern Railway (LNER) at Doncaster and took its name from London to Edinburgh Flying Scotsman express service which it ran. This cocktail was apparently originally served to first-class passengers on board the train. Adapted from a recipe in Harry Craddock's 1930 The Savoy Cocktail Book.",https://www.diffordsguide.com/cocktails/recipe/776/flying-scotsman
Hearst Martini,Difford’s Guide Discerning Drinkers (40 ratings),Serve in a Martini glass,"- 45 ml Hayman's London Dry Gin from freezer
- 45 ml Strucchi Rosso Vermouth chilled
- 2 dash Orange Bitters by Angostura
- 1 dash Angostura Aromatic Bitters",EXPRESS orange zest twist over the cocktail and use as garnish.,"STIR all ingredients with ice.
FINE STRAIN into chilled glass.",No especificado,168 kcal,No especificado,"Adapted from a recipe in Jacques Straub's 1913 Straub's Manual of Mixed Drinks. Supposedly a favourite of hacks who worked for the American newspaper magnate, William Randolph Hearst, and believed to have been created at New York's Waldorf-Astoria. It is nicknamed ""The Disgruntled Journalist"", perhaps in reference to the Journalist cocktail.",https://www.diffordsguide.com/cocktails/recipe/2684/hearst-martini
Italian G&T,Difford’s Guide Discerning Drinkers (73 ratings),Photographed in an Urban Bar Fluet Highball Gold Rim 45cl,"- 60 ml Hayman's London Dry Gin
- 15 ml Strucchi Red Bitter (Campari-style liqueur)
- 15 ml Strucchi Rosso Vermouth
- 90 ml Thomas Henry Tonic Water",EXPRESS orange zest twist over cocktail and use as garnish along with rosemary sprig.,"POUR all ingredients into chilled glass.
FILL glass with ice.",No especificado,225 kcal,No especificado,"Adapted from a recipe created in 2019 by Alex Smith at Whitechapel in San Francisco, USA.",https://www.diffordsguide.com/cocktails/recipe/22522/italian-gandt
Disco Mi-To,Difford’s Guide Discerning Drinkers (17 ratings),Photographed in an Urban Bar Retro Optic Coupette 15cl,"- 45 ml Ketel One Vodka
- 22.5 ml Strucchi Red Bitter (Campari-style liqueur)
- 22.5 ml Strucchi Rosso Vermouth chilled
- 2 dash Orange Bitters by Angostura",EXPRESS lemon zest twist over the cocktail and use as garnish.,"STIR all ingredients with ice.
STRAIN into chilled glass.",No especificado,187 kcal,No especificado,"Adapted from a recipe created by Sother Teague as an accompaniment to his dish, Penne Alla Vodka. This cocktail and accompanying dish were featured on Sother's Sauced podcast. (His original recipe called for vodka, Campari and Cocchi di Torino vermouth.)",https://www.diffordsguide.com/cocktails/recipe/39309/disco-mi-to
Americano,Difford’s Guide Discerning Drinkers (477 ratings),Serve in a Collins glass,"- 45 ml Strucchi Red Bitter (Campari-style liqueur)
- 45 ml Strucchi Rosso Vermouth
- 75 ml Thomas Henry Soda Water",Garnish with orange slice wheel.,"POUR all ingredients into ice-filled glass.
Briefly STIR.",No especificado,175 kcal,No especificado,"Meaning ""American-style"" in Italian, the name references this cocktail's origins. Italian vermouth producers, picking up on the trend for cocktails in the USA to be based on vermouth with bitters, started marketing vermouths with bitters already added under the name ""vermouth Americano."" Italian bars then started making their own versions by adding various bittersweet liqueurs, including Fernet Branca, to vermouth. Some also added soda to turn this cocktail into a long drink. Then the popularity of the Milano Torino led to red bitter liqueur (e.g. Campari) being used in preference to amari in an Americano. Mazzon Ferruccio's 1920 book Il Barista Guida del Barman, a ""collection of American and International Recipes"", includes two ""Americano"" recipes, a single serve and a ""Americano (grandi quantità)"" (large quantities). Both illustrate the Americano's origins as vermouth adjusted by adding bitters or bitter liqueurs and other flavourings such as ""5 drops of cognac"".",https://www.diffordsguide.com/cocktails/recipe/61/americano
Gin & It,Difford’s Guide Discerning Drinkers (133 ratings),Serve in a Coupe glass,"- 52.5 ml Hayman's London Dry Gin
- 22.5 ml Strucchi Rosso Vermouth
- 1 dash Orange Bitters by Angostura",EXPRESS lemon zest twist over cocktail (or garnish with orange wheel if serving on-the-rocks).,"STIR all ingredients with ice.
FINE STRAIN into chilled glass. (Or if serving on-the-rocks, strain into ice-filled old-fashioned glass, preferably over a large cube or chunk of block ice).",No especificado,151 kcal,No especificado,"Adapted from a recipe in Stanley M. Jones' 1977 Jones' Complete Barguide. ""It"" is short for Italian, a reference to the 'sweet' (rosso) vermouth, which was traditionally Italian, while French vermouth was dry. In his 2002 Craft of the Cocktail, Dale DeGroff states that the Gin and It was originally known as a Sweet Martini and as such was a popular drink during the 1880s and 1890s at the Hoffman House and other Manhattan bars. Later it became known as 'Gin & Italian', until during Prohibition it was shortened to 'Gin & It'. The first print reference to this cocktail by the ""Gin & It"" name appears in Frank Meier's 1936 The Artistry of Mixing Drinks. During American Prohibition, the Gin & It made its way to London, where due to the British love of gin, the Gin & It became a popular drink and pub staple. The popularity of the Gin & It waned along with both that of vermouth and gin in the late 1980s but is now enjoying a renaissance with a new generation of gin and vermouth drinkers.",https://www.diffordsguide.com/cocktails/recipe/833/gin-and-it
Milano,Difford’s Guide Discerning Drinkers (93 ratings),Serve in an Old-fashioned glass,"- 30 ml Ketel One Vodka
- 30 ml Strucchi Red Bitter (Campari-style liqueur)
- 30 ml Strucchi Rosso Vermouth",Garnish with orange slice.,"STIR all ingredients with ice.
STRAIN into ice-filled glass.",No especificado,183 kcal,No especificado,Sin registro histórico,https://www.diffordsguide.com/cocktails/recipe/1325/milano
Scotch Negroni,Difford’s Guide Discerning Drinkers (142 ratings),Photographed in an UB Ginza Old Fashioned 10.5oz,"- 40 ml Blended Scotch whisky
- 30 ml Strucchi Rosso Vermouth
- 20 ml Strucchi Red Bitter (Campari-style liqueur)",Garnish with orange slice wheel.,"STIR all ingredients with ice.
STRAIN into ice-filled glass (preferably over a large cube or chunk of block ice).",No especificado,182 kcal,No especificado,See: Negroni history and variations,https://www.diffordsguide.com/cocktails/recipe/1759/scotch-negroni
Boulevardier Cocktail,Difford’s Guide Discerning Drinkers (757 ratings),Serve in an Old-fashioned glass,"- 45 ml Bourbon whiskey
- 22.5 ml Strucchi Rosso Vermouth
- 22.5 ml Strucchi Red Bitter (Campari-style liqueur)",EXPRESS orange zest twist over the cocktail and use as garnish.,"STIR all ingredients with ice.
STRAIN into ice-filled glass (preferably over a large cube or chunk of block ice).",No especificado,200 kcal,No especificado,"The Boulevardier first appears in Harry MacElhone's's 1927 Barflies and Cocktails. Not among the book's A-Z listing of recipes, but in a chapter titled ""Cocktails Round Town"", written by Arthur Moss, the ""Around the Town"" columnist of the New York Herald, Paris. Named and modelled after his newspaper column, Moss recounts cocktails created by or for other Harry's Bar regulars. Moss was one of a group of wealthy American ex-pats and self-titled Boulevardiers, in reference to their crawling the boulevards between Harry's and other leading Parisian night haunts. Moss, along with two other writers and socialites from the group, Erskine Gwynne and Jeff Kiley, co-founded a magazine they called Boulevardier. Moss had previously co-founded two other literary magazines, The Quill (1917) and Gargoyle (1921), the latter of which didn't survive a second year. However, The Quill, which focused on the artistic community in New York's Greenwich Village, had proved successful, particularly for Moss, as he married one of its editors, Florence Gilliam. The two moved to Paris in 1921. The Boulevardier, published in Paris from 1927 to 1932, was modelled after The New Yorker and featured an impressive roster of contributors, including the likes of Noël Coward, Sinclair Lewis and Ernest Hemingway. Among the cocktails Moss included in Harry's book was the Boulevardier, created by Erskine Gwynne, a nephew of railroad tycoon Alfred Vanderbilt. Crucially, Gwynne was, of course, one of the other cofounders of the Boulevardier magazine, which coincidently launched the same year Harry's book was published. Hence the cocktail's apt name.

See: Negroni cocktail history and how the Boulevardier fits in",https://www.diffordsguide.com/cocktails/recipe/2955/boulevardier-cocktail
Vermuttino,Difford’s Guide Discerning Drinkers (15 ratings),Serve in an Old-fashioned glass,"- 60 ml Strucchi Rosso Vermouth
- 60 ml Thomas Henry Soda Water",Sin adorno específico,POUR ingredients into chilled glass and fill with ice.,No especificado,92 kcal,No especificado,"Often described as ""the original Italian aperitif"", this mix of vermouth and soda originated in and remains popular in the bars of Turin, Italy, where the first commercial vermouth was produced in 1786.",https://www.diffordsguide.com/cocktails/recipe/29594/vermuttino
Red Manhattan,Difford’s Guide Discerning Drinkers (42 ratings),Serve in a Coupe glass,"- 60 ml Bourbon whiskey
- 30 ml Strucchi Rosso Vermouth
- 7.5 ml Claret wine (Bordeaux red)
- 5 ml Luxardo Maraschino liqueur
- 2 dash Angostura Aromatic Bitters",Garnish with maraschino cherry.,"STIR all ingredients with ice.
FINE STRAIN into chilled glass.",No especificado,213 kcal,No especificado,"Created in November 2010 by yours truly at the Cabinet Room, London, England.
Manhattan cocktail history",https://www.diffordsguide.com/cocktails/recipe/3016/red-manhattan
Four Poster Red,Difford’s Guide Discerning Drinkers (5 ratings),Serve in an Old-fashioned glass,"- 30 ml Strucchi Rosso Vermouth
- 30 ml Dolin Chamberyzette
- 30 ml Cockburn's Tawny Eyes Port
- 30 ml Strucchi Red Bitter (Campari-style liqueur)",Sin adorno específico,"Select and pre-chill an OLD-FASHIONED GLASS.
Prepare garnish of Luxardo Maraschino Cherry or strawberry.
STIR all ingredients with ice.
STRAIN into ice-filled glass (preferably over a large cube or chunk of block ice).",No especificado,179 kcal,No especificado,"Created March 2018 by yours truly at the Cabinet Room in London, England.",https://www.diffordsguide.com/cocktails/recipe/4570/four-poster-red
Redwood Heights,Difford’s Guide Discerning Drinkers (93 ratings),Photographed in an Urban Bar Alto Coupe 18cl,"- 3 dash La Fée Parisienne absinthe
- 60 ml Hayman's London Dry Gin
- 30 ml Strucchi Rosso Vermouth
- 15 ml Cynar or other carciofo amaro
- 1 dash Orange Bitters by Angostura",EXPRESS orange zest twist over the cocktail and use as garnish.,"RINSE chilled glass with absinthe and discard excess.
STIR other ingredients with ice.
STRAIN into absinthe-rinsed glass.",No especificado,206 kcal,No especificado,"Created in 2019 by David Blumberg, a fellow Discerning Drinker. Named after his home, the Redwood Heights district of Oakland, California.",https://www.diffordsguide.com/cocktails/recipe/32608/redwood-heights
Negroni Tredici,Difford’s Guide Discerning Drinkers (119 ratings),Serve in an Old-fashioned glass,"- 60 ml Hayman's London Dry Gin
- 7.5 ml Cynar or other carciofo amaro
- 7.5 ml Strucchi Red Bitter (Campari-style liqueur)
- 30 ml Strucchi Rosso Vermouth","EXPRESS lemon zest twist over the cocktail and discard.
Garnish with orange wedge.","STIR all ingredients with ice.
FINE STRAIN into chilled glass.",No especificado,208 kcal,No especificado,"Adapted from a drink created in 2009 by Toby Maloney of Alchemy Consulting, USA.
Negroni cocktail history and recipe variations",https://www.diffordsguide.com/cocktails/recipe/2826/negroni-tredici
Dutch Count Negroni / Red Light Negron,Difford’s Guide Discerning Drinkers (44 ratings),Serve in an Old-fashioned glass,"- 30 ml Oude genever
- 30 ml Strucchi Red Bitter (Campari-style liqueur)
- 30 ml Strucchi Rosso Vermouth",Garnish with orange slice.,"POUR ingredients into ice-filled glass.
STIR.",No especificado,165 kcal,No especificado,"Discovered in 2011 at Vesper Bar in Amsterdam, Netherlands, under the name Dutch Count Negroni. Due to its origins in Amsterdam, a city famous for its red light district, this cocktail is now better known as the Red Light Negroni. See: Negroni cocktail history.",https://www.diffordsguide.com/cocktails/recipe/3090/dutch-count-negroni-red-light-negron
1794,Difford’s Guide Discerning Drinkers (27 ratings),Photographed in an Urban Bar 1910 Retro Coupette 15cl,"- 45 ml Straight rye whiskey (100 proof /50% alc./vol.)
- 22.5 ml Strucchi Rosso Vermouth
- 22.5 ml Strucchi Red Bitter (Campari-style liqueur)
- 1 dash Xocolatl mole bitters optional","EXPRESS flamed orange zest twist over cocktail, then use as garnish.","STIR all ingredients with ice.
STRAIN into chilled glass.",No especificado,188 kcal,No especificado,"Adapted from a recipe created (originally without the addition of bitters) in 2004 by Dominic Venegas at Range in San Francisco, California.",https://www.diffordsguide.com/cocktails/recipe/36336/1794
Bamboo Cocktail (Stuart's 1904 recipe),Difford’s Guide Discerning Drinkers (26 ratings),Serve in a Coupe glass,"- 60 ml Lustau Jarana Fino Sherry
- 30 ml Strucchi Rosso Vermouth
- 1 dash Orange Bitters by Angostura",EXPRESS lemon zest twist over the cocktail and use as garnish.,"STIR all ingredients with ice.
FINE STRAIN into chilled glass.",No especificado,97 kcal,No especificado,"Adapted from a recipe in Thomas Stuart's 1904 Stuart's Fancy Drinks and How to mix them.
Bamboo Cocktail history.",https://www.diffordsguide.com/cocktails/recipe/4140/bamboo-cocktail-stuarts-1904-recipe
Bijou Cocktail (inspired by Lawlor's 1895 recipe),Difford’s Guide Discerning Drinkers (120 ratings),Photographed in a Waterford Mixology Coupe Clear,"- 45 ml Hayman's London Dry Gin
- 22.5 ml Grand Marnier or other cognac orange liqueur
- 22.5 ml Strucchi Rosso Vermouth",EXPRESS orange zest twist over the cocktail and use as garnish.,"STIR all ingredients with ice.
FINE STRAIN into chilled glass.",No especificado,191 kcal,No especificado,"Adapted from the original equal parts gin, Grand Marnier and sweet vermouth recipe in C. F. Lawlor's 1895 book The Mixicologist in which he describes this as ""a delicious drink."" Handily adding, ""Grand Marnier can also be served in a pony-glass like any liqueur."" Remember, Louis-Alexandre Marnier-Lapostolle only created Grand Marnier 15 years earlier and it must have taken a while for the new liqueur to find its way from France to the Grand Hotel in Cincinnati where Lawlor worked, so he was commenting on what was then an exciting new product.",https://www.diffordsguide.com/cocktails/recipe/3656/bijou-cocktail-inspired-by-lawlors-1895-recipe
Copenhagen Cocktail 1939,Difford’s Guide Discerning Drinkers (69 ratings),Photographed in a Bespoke Nick & Nora,"- 22.5 ml Hayman's London Dry Gin
- 22.5 ml Heering Cherry Liqueur
- 22.5 ml Strucchi Rosso Vermouth
- 7.5 ml Lemon juice (freshly squeezed)
- 2 dash Angostura Aromatic Bitters",Garnish with skewered cherry.,"SHAKE all ingredients with ice.
FINE STRAIN into chilled glass.",No especificado,164 kcal,No especificado,"Adapted from a recipe in Axel Sørensen's black, bar notebook ""Lommebogen"" ISBN 978-87-995886-0-2. Axel Sørensen, was a bartender at Café de la Reine in Copenhagen during the late 1930s and his granddaughter inherited his pocketbook containing his cocktail recipes and other notes. Henrik Steen Petersen, from the former ""Moltkes Bar"" in Copenhagen, borrowed this notebook, photographed it and has since published the notebook to make available to all.",https://www.diffordsguide.com/cocktails/recipe/17178/copenhagen-cocktail-1939
Italian Dandy,Difford’s Guide Discerning Drinkers (24 ratings),Serve in a Coupe glass,"- 45 ml Liquore Strega
- 45 ml Strucchi Rosso Vermouth
- 30 ml Ferrand Dry Curaçao
- 2 dash Angostura Aromatic Bitters",EXPRESS orange zest twist over the cocktail and use as garnish.,"STIR all ingredients with ice.
FINE STRAIN into chilled glass.",No especificado,275 kcal,No especificado,Adapted from a recipe created by Sossio Del Prete.,https://www.diffordsguide.com/cocktails/recipe/4574/italian-dandy
Commedia All'italiana,Difford’s Guide Discerning Drinkers (25 ratings),Serve in an Old-fashioned glass,"- 25 ml Strucchi Red Bitter (Campari-style liqueur)
- 25 ml Aperitivo Luxardo (Aperol-style liqueur)
- 25 ml Strucchi Rosso Vermouth
- 15 ml Nonino Il Moscato Grappa Monovitigno
- 15 ml Luxardo Maraschino liqueur",EXPRESS lemon zest twist over the cocktail and use as garnish.,"STIR all ingredients with ice.
STRAIN into chilled glass.",No especificado,205 kcal,No especificado,Adapted from a recipe created in 2017 by Seba Atienza in Argentina for Campari.,https://www.diffordsguide.com/cocktails/recipe/4068/commedia-allitaliana
Caffè American Italiano,Difford’s Guide Discerning Drinkers (1 ratings),Photographed in an UB Ginza Old Fashioned 10.5oz,"- 37.5 ml Hayman's London Dry Gin
- 37.5 ml Strucchi Rosso Vermouth chilled
- 10 ml Exprè Caffè Italiano (or freshly made hot Espresso Coffee)",EXPRESS lemon or orange zest twist over cocktail and use as garnish.,"STIR all ingredients with ice.
STRAIN into ice-filled glass (preferably over a large cube or chunk of block ice).",No especificado,145 kcal,No especificado,Sin registro histórico,https://www.diffordsguide.com/cocktails/recipe/37996/caffe-american-italiano
The Burly French Man,Difford’s Guide Discerning Drinkers (4 ratings),Serve in an Old-fashioned glass,"- 5 ml La Fée Parisienne absinthe
- 50 ml Cognac (brandy)
- 20 ml Strucchi Rosso Vermouth
- 20 ml Green Chartreuse (or alternative herbal liqueur)
- 10 ml Damson liqueur
- 1 dash Orange Bitters by Angostura
- 1 dash Angostura Aromatic Bitters",Sin adorno específico,RINSE chilled glass with absinthe and set to one side. STIR other ingredients with ice and strain into absinthe rinsed glass.,No especificado,266 kcal,No especificado,"Created in 2015 by Tommy Long at the Groucho Club in London, England. Originally made with Cocchi Storico Vermouth di Torino rosso vermouth.",https://www.diffordsguide.com/cocktails/recipe/3781/the-burly-french-man
Orange Bloom Martini,Difford’s Guide Discerning Drinkers (64 ratings),Serve in a Martini glass,"- 45 ml Hayman's London Dry Gin
- 22.5 ml De Kuyper Triple Sec (40%)
- 22.5 ml Strucchi Rosso Vermouth",Garnish with maraschino cherry.,"SHAKE all ingredients with ice.
FINE STRAIN into chilled glass.",No especificado,186 kcal,No especificado,"Adapted from the following recipe in Harry Cradock's 1930 The Savoy Cocktail Book.

Martini cocktail and its evolution",https://www.diffordsguide.com/cocktails/recipe/1439/orange-bloom-martini
Army Martini,Difford’s Guide Discerning Drinkers (48 ratings),Photographed in a Speakeasy Martini 5.75oz,"- 75 ml Hayman's London Dry Gin
- 7.5 ml Strucchi Rosso Vermouth
- 7.5 ml Grenadine/pomegranate syrup",Garnish with mint leaf.,"STIR all ingredients with ice.
FINE STRAIN into chilled glass.",No especificado,200 kcal,No especificado,See Martini cocktail and its evolution,https://www.diffordsguide.com/cocktails/recipe/2258/army-martini
Martini Special,Difford’s Guide Discerning Drinkers (26 ratings),Serve in a Coupe glass,"- 60 ml Hayman's London Dry Gin
- 22.5 ml Strucchi Rosso Vermouth
- 1.25 ml Orange blossom water / Orange flower water
- 2 dash La Fée Parisienne absinthe
- 1 dash Angostura Aromatic Bitters",EXPRESS orange zest twist over the cocktail and use as garnish.,"SHAKE all ingredients with ice.
FINE STRAIN into chilled glass.",No especificado,169 kcal,No especificado,"Adapted from a recipe in Harry Craddock's 1930 The Savoy Cocktail Book.

Martini cocktail and its evolution",https://www.diffordsguide.com/cocktails/recipe/1266/martini-special
After Midnight Martini,Difford’s Guide Discerning Drinkers (4 ratings),Serve in a Coupe glass,"- 22.5 ml Ketel One Vodka
- 22.5 ml De Kuyper Crème de Cafe
- 22.5 ml Strucchi Rosso Vermouth chilled
- 15 ml Lustau San Emilio Pedro Ximénez Sherry chilled
- 15 ml Egg white (pasteurised) or Vegg White vegan egg white alternative",Garnish with 3 coffee beans floated in a petal formation in the centre of the cocktail's foamy head.,"SHAKE all ingredients with ice and strain back into shaker.
DRY SHAKE (without ice) to emulsify.
FINE STRAIN into chilled glass.",No especificado,177 kcal,No especificado,Sin registro histórico,https://www.diffordsguide.com/cocktails/recipe/37614/after-midnight-martini
Wonky Martini,Difford’s Guide Discerning Drinkers (5 ratings),Serve in a Martini glass,"- 60 ml Vanilla flavoured vodka
- 15 ml Tuaca liqueur
- 22.5 ml Strucchi Rosso Vermouth
- 2 dash Bob's Grapefruit Bitters",Express pink grapefruit zest twist over the cocktail and use as garnish.,"STIR all ingredients with ice.
FINE STRAIN into chilled glass.",No especificado,208 kcal,No especificado,"Created in 2003 by yours truly, London, England.",https://www.diffordsguide.com/cocktails/recipe/2108/wonky-martini
Raspberry Deluxe Martini,Difford’s Guide Discerning Drinkers (6 ratings),Photographed in a Modern America Martini,"- 8 fresh Raspberries
- 45 ml Ketel One Vodka
- 15 ml Framboise/raspberry eau-de-vie
- 10 ml Strucchi Rosso Vermouth
- 7.5 ml Giffard Crème de Framboise
- 5 ml Pomegranate molasses
- 2 dash Orange Bitters by Angostura",Sin adorno específico,"MUDDLE raspberries in base of shaker.
Add other ingredients.
SHAKE with ice.
FINE STRAIN into chilled glass.",No especificado,No especificadas,No especificado,"Created by yours truly at The Clocktower, Rye, England.",https://www.diffordsguide.com/cocktails/recipe/19263/raspberry-deluxe-martini
Black Coffee Martini,Difford’s Guide Discerning Drinkers (1 ratings),Photographed in a Speakeasy Martini 5.75oz,"- 40 ml Cacao & coffee spiced rum
- 5 ml Crème brulée/caramel syrups
- 5 ml Caramel sugar syrup
- 10 ml Coffee Schnapps liqueur
- 15 ml Strucchi Rosso Vermouth
- 35 ml Exprè Caffè Italiano (or freshly made hot Espresso Coffee)",Garnish with walnut on rim.,"SHAKE all ingredients with ice.
FINE STRAIN into chilled glass.",No especificado,181 kcal,No especificado,"Adapted from a recipe created in 2020 by Nick Tse at Bar Buonasera, Hong Kong.",https://www.diffordsguide.com/cocktails/recipe/5463/black-coffee-martini
Ruby 'Martini' #2,Difford’s Guide Discerning Drinkers (12 ratings),Serve in a Martini glass,"- 45 ml Cognac (brandy)
- 15 ml De Kuyper Triple Sec (40%)
- 15 ml Giffard Crème de Framboise
- 15 ml Strucchi Rosso Vermouth",EXPRESS lemon zest twist over the cocktail and use as garnish.,"SHAKE all ingredients with ice.
FINE STRAIN into chilled glass.",No especificado,213 kcal,No especificado,"Created by Wayne Collins, London, England.",https://www.diffordsguide.com/cocktails/recipe/1708/ruby-martini-2
Americano Branco (Ferroviario),Difford’s Guide Discerning Drinkers (27 ratings),Serve in a Highball (max 10oz/300ml),"- 25 ml Fernet Branca liqueur
- 37.5 ml Strucchi Rosso Vermouth
- 67.5 ml Thomas Henry Soda Water",Sin adorno específico,"Select and pre-chill a HIGHBALL (MAX 10OZ/300ML) GLASS.
Prepare garnish of lemon zest twist.
POUR ingredients into ice-filled glass.
EXPRESS lemon zest twist over the cocktail and use as garnish.",No especificado,112 kcal,No especificado,"In Italy this is called an Americano Branco and it is under this name that it features in Elvezio Grassi's 1936 book Mille Misture. Although an Italian aperitivo, it is perhaps more popular in Argentina, particularly the cantinas and cafés of Buenos Aires where it is called a Ferroviario or sometimes a ""Fernet con Cinzano"".",https://www.diffordsguide.com/cocktails/recipe/30037/americano-branco-ferroviario
Blood and Sand (Classic formula),Difford’s Guide Discerning Drinkers (276 ratings),Serve in a Coupe glass,"- 22.5 ml Blended Scotch whisky
- 22.5 ml Heering Cherry Liqueur
- 22.5 ml Strucchi Rosso Vermouth
- 22.5 ml Orange juice (freshly squeezed)",EXPRESS orange zest twist over the cocktail and use as garnish.,"SHAKE all ingredients with ice.
FINE STRAIN into chilled glass.",No especificado,174 kcal,No especificado,"Created in 1922, this cocktail is named after Rudolph Valentino's Blood & Sand movie.",https://www.diffordsguide.com/cocktails/recipe/244/blood-and-sand-classic-formula
Stanley Tucci's Negroni,Difford’s Guide Discerning Drinkers (20 ratings),Photographed in an Urban Bar Alto Coupe 18cl,"- 45 ml Hayman's London Dry Gin
- 22.5 ml Strucchi Red Bitter (Campari-style liqueur)
- 22.5 ml Carpano Antica Formula Vermouth",Garnish with half orange slice squeezed and dropped into cocktail.,"SHAKE all ingredients with ice.
FINE STRAIN into chilled glass.",No especificado,No especificadas,No especificado,"Adapted from a recipe created by American actor Stanley Tucci, which he shared via a popular video on social media.",https://www.diffordsguide.com/cocktails/recipe/35968/stanley-tuccis-negroni
Tequila Negroni,Difford’s Guide Discerning Drinkers (22 ratings),Photographed in an UB Koto Old Fashioned 30cl,"- 30 ml Patrón Reposado tequila
- 30 ml Strucchi Red Bitter (Campari-style liqueur)
- 30 ml Carpano Antica Formula Vermouth",Garnish with orange slice wheel.,"STIR all ingredients with ice.
STRAIN into ice-filled glass (preferably over a large cube or chunk of block ice).",No especificado,185 kcal,No especificado,Sin registro histórico,https://www.diffordsguide.com/cocktails/recipe/32060/tequila-negroni
Capitano,Difford’s Guide Discerning Drinkers (12 ratings),Serve in a Coupe glass,"- 45 ml Strucchi Red Bitter (Campari-style liqueur)
- 45 ml Carpano Antica Formula Vermouth
- 15 ml Lemon juice (freshly squeezed)
- 5 ml Sugar syrup 'rich' (2 sugar to 1 water, 65.0°Brix)",EXPRESS orange zest twist over the cocktail and use as garnish.,"SHAKE all ingredients with ice.
FINE STRAIN into chilled glass.",No especificado,196 kcal,No especificado,Created in 2008 by Bernhard List.,https://www.diffordsguide.com/cocktails/recipe/2331/capitano
Precursory Cocktail,Difford’s Guide Discerning Drinkers (37 ratings),Serve in a Coupe glass,"- 45 ml Cockburn's Tawny Eyes Port
- 45 ml Carpano Antica Formula Vermouth
- 7.5 ml Sugar syrup 'rich' (2 sugar to 1 water, 65.0°Brix)
- 5 ml Lemon juice (freshly squeezed)
- 3 dash Angostura Aromatic Bitters
- 3 dash Orange Bitters by Angostura optional","EXPRESS lemon zest twist over the cocktail and discard.
Garnish with quarter orange slice on rim.","SHAKE all ingredients with ice.
FINE STRAIN into chilled glass.",No especificado,169 kcal,No especificado,"Adapted from a recipe created in 2009 by Tim Philips at Milk & Honey in London, England.",https://www.diffordsguide.com/cocktails/recipe/2835/precursory-cocktail
New Orleans Minute,Difford’s Guide Discerning Drinkers (74 ratings),Serve in a Coupe glass,"- 7.5 ml Del Maguey Vida Clásico Mezcal
- 50 ml Patrón Reposado tequila
- 20 ml Carpano Antica Formula Vermouth
- 15 ml Luxardo Maraschino liqueur
- 5 ml Sugar syrup 'rich' (2 sugar to 1 water, 65.0°Brix)
- 2 dash Orange Bitters by Angostura","Express lemon and orange zest twists over the cocktail and use as garnish.
Garnish with 3 coffee beans floated on the surface to represent health, wealth and happiness.","RINSE glass with mezcal (swirl around to coat and discard excess) and set to one side.
STIR other ingredients with ice.
STRAIN into mezcal rinsed glass.",No especificado,211 kcal,No especificado,Created by Sune Urth at Ruby bar in Copenhagen and adapted from the original New York Minute created by Luke Whearty at Der Raum bar in Melbourne.,https://www.diffordsguide.com/cocktails/recipe/3520/new-orleans-minute
Negroni Flip,Difford’s Guide Discerning Drinkers (20 ratings),Photographed in an UB Retro Coupe Gold 7.75oz,"- 30 ml Hayman's London Dry Gin
- 30 ml Strucchi Red Bitter (Campari-style liqueur)
- 30 ml Carpano Antica Formula Vermouth
- 2.5 ml Sugar syrup 'rich' (2 sugar to 1 water, 65.0°Brix)
- 2 drop Saline solution (20g sea salt to 80g water) or merest pinch of s
- 1 whole Egg (white & yolk)",EXPRESS orange zest twist over the cocktail and use as garnish.,"DRY SHAKE all ingredients (without ice) to emulsify.
SHAKE again with ice.
FINE STRAIN into chilled glass.",No especificado,No especificadas,No especificado,Sin registro histórico,https://www.diffordsguide.com/cocktails/recipe/28918/negroni-flip
Game Set Match,Difford’s Guide Discerning Drinkers (95 ratings),Serve in a Coupe glass,"- 50 ml Bourbon whiskey
- 15 ml Carpano Antica Formula Vermouth
- 15 ml Cynar or other carciofo amaro
- 1 dash Angostura Aromatic Bitters
- 1 dash Orange Bitters by Angostura",Garnish with lemon slice skewered with maraschino cherry.,"STIR all ingredients with ice.
FINE STRAIN into chilled glass.",No especificado,172 kcal,No especificado,"Created in 2013 by Juan ""J.P."" Caceres-Rojas while working in Washington, D.C..",https://www.diffordsguide.com/cocktails/recipe/3438/game-set-match
Del Famoso (The Famous),Difford’s Guide Discerning Drinkers (90 ratings),Serve in a Coupe glass,"- 45 ml Patrón Silver blanco tequila
- 22.5 ml Fernet Branca liqueur
- 15 ml Carpano Antica Formula Vermouth
- 15 ml Sugar syrup 'rich' (2 sugar to 1 water, 65.0°Brix)
- 2 dash Angostura Aromatic Bitters","Serve naked, without garnish.","STIR all ingredients with ice.
FINE STRAIN into chilled glass.",No especificado,223 kcal,No especificado,"Adapted from a recipe created in June 2017 by Nathan Hinze at 99 Hanover Street, Edinburgh, Scotland. The cocktail's name is inspired by the wording on the Fernet Branca label.",https://www.diffordsguide.com/cocktails/recipe/4379/del-famoso-the-famous
Bitter Giuseppe,Difford’s Guide Discerning Drinkers (173 ratings),Photographed in an UB Koto Old Fashioned 30cl,"- 1 swath Lemon peel
- 60 ml Cynar or other carciofo amaro
- 30 ml Carpano Antica Formula Vermouth
- 7.5 ml Lemon juice (freshly squeezed)
- 3 dash Orange Bitters by Angostura",EXPRESS lemon zest twist over the cocktail and use as garnish.,"SQUEEZE the oils from a lemon zest into stirring glass and drop zest in.
Add other ingredients and REGAL STIR with ice.
STRAIN into ice-filled glass (preferably over a large cube or chunk of block ice).",No especificado,No especificadas,No especificado,"Adapted from a recipe created in 2007 by Stephen Cole at The Violet Hour in Chicago, Illinois.",https://www.diffordsguide.com/cocktails/recipe/4856/bitter-giuseppe
Rhubarb Lucca Negroni,Difford’s Guide Discerning Drinkers (41 ratings),Photographed in an Urban Bar Fluet Old Fashioned 1910 34cl,"- 30 ml Hayman's London Dry Gin
- 30 ml Strucchi Red Bitter (Campari-style liqueur)
- 15 ml Carpano Antica Formula Vermouth
- 15 ml Rabarbaro liqueur","EXPRESS orange zest twist over cocktail and discard.
Garnish with rhubarb as stirrer.","STIR all ingredients with ice.
STRAIN into ice-filled glass (preferably over a large cube or chunk of block ice).",No especificado,No especificadas,No especificado,"Adapted from a cocktail created in 2011 by Jonathan Abarbanel at Quo Vadis, London, England. Jonathan originally used Rhubarb-infused London dry gin.
See: Negroni cocktail history",https://www.diffordsguide.com/cocktails/recipe/3304/rhubarb-lucca-negroni
Negroni and the Goat,Difford’s Guide Discerning Drinkers (164 ratings),Serve in an Old-fashioned glass,"- 45 ml Hayman's London Dry Gin
- 22.5 ml Aperitivo Luxardo (Aperol-style liqueur)
- 22.5 ml Carpano Antica Formula Vermouth
- 15 ml Amaro (e.g. Averna)",EXPRESS orange zest twist over the cocktail and use as garnish.,"STIR all ingredients with ice.
STRAIN into ice-filled glass.",No especificado,236 kcal,No especificado,"This riff on a Negroni was originally served straight-up in a coupe and comes from The Girl And The Goat restaurant in Chicago, USA where it was created in 2014.",https://www.diffordsguide.com/cocktails/recipe/3474/negroni-and-the-goat
Munich Negroni Western Style,Difford’s Guide Discerning Drinkers (114 ratings),Serve in an Old-fashioned glass,"- 20 ml Bourbon whiskey
- 20 ml Strucchi Red Bitter (Campari-style liqueur)
- 20 ml Hazelnut liqueur
- 10 ml Carpano Antica Formula Vermouth",Garnish with orange wheel and square of dark chocolate.,"STIR all ingredients with ice.
STRAIN into ice-filled glass.",No especificado,No especificadas,No especificado,"Created in 2015 by Mauro Mahjoub at his Negroni Bar in Munich, Germany.
Negroni cocktail history and recipe variations",https://www.diffordsguide.com/cocktails/recipe/3810/munich-negroni-western-style
Left Hand,Difford’s Guide Discerning Drinkers (126 ratings),Photographed in a Modern America Cocktail,"- 45 ml Bourbon whiskey
- 22.5 ml Strucchi Red Bitter (Campari-style liqueur)
- 22.5 ml Carpano Antica Formula Vermouth
- 4 drop Bob's Chocolate bitters",Garnish with skewered cherry.,"STIR all ingredients with ice.
FINE STRAIN into chilled glass.",No especificado,201 kcal,No especificado,"Adapted from a recipe created in 2006 by Sam Ross at Milk & Honey in New York City, USA. Originally made with mole (spiced chocolate) bitters, (indeed this cocktail was first made soon after the release of Bittermens Xocolatl Mole Bitters ), but I prefer with regular chocolate bitters.",https://www.diffordsguide.com/cocktails/recipe/16297/left-hand
Stiletta,Difford’s Guide Discerning Drinkers (18 ratings),Serve in a Coupe glass,"- 1 dried Star anise
- 30 ml Strucchi Red Bitter (Campari-style liqueur)
- 45 ml Patrón Silver blanco tequila
- 30 ml Carpano Antica Formula Vermouth",Sin adorno específico,"MUDDLE (smash) a star anise in base of stirring glass. Add other ingredients, STIR with ice and extra fine strain into chilled glass. <b>OR</b> Omit the muddled star anise and instead pre-prepare Star anise-infused Italian red bitter liqueur by infusing 18-20 star anise pods into a 70-75cl bottle. Seal and shake periodically over 8 hours, then strain through a dampened coffee filter or cheesecloth.",No especificado,No especificadas,No especificado,"Adapted from a recipe created in 2015 by Phil Ward at Mayahuel in New York City, USA.",https://www.diffordsguide.com/cocktails/recipe/16618/stiletta
Lucky Luke,Difford’s Guide Discerning Drinkers (7 ratings),Serve in a Coupe glass,"- 60 ml Hayman's London Dry Gin
- 30 ml Carpano Antica Formula Vermouth
- 10 ml Lucano amaro
- 2 dash Angostura Aromatic Bitters",EXPRESS lemon zest twist over the cocktail and use as garnish.,"STIR all ingredients with ice.
FINE STRAIN into chilled glass.",No especificado,206 kcal,No especificado,Adapted from the Cocktail Lucano by New York bartender Natale Di Noia.,https://www.diffordsguide.com/cocktails/recipe/25781/lucky-luke
Enzo,Difford’s Guide Discerning Drinkers (24 ratings),Photographed in an Urban Bar Freddo Highball,"- 22.5 ml Fernet Branca liqueur
- 22.5 ml Strucchi Red Bitter (Campari-style liqueur)
- 45 ml Carpano Antica Formula Vermouth
- 90 ml Thomas Henry Soda Water chilled",Garnish with orange slice wheel.,"POUR all ingredients into chilled glass.
FILL glass with ice.",No especificado,No especificadas,No especificado,"The origins and creator of this contemporary cocktail are unknown to us, but it is based on a Ferrari shot and named after Enzo Ferrari, the Italian racing driver who founded his own Formula One team and the Ferrari automobile marque.",https://www.diffordsguide.com/cocktails/recipe/35012/enzo
Sharon,Difford’s Guide Discerning Drinkers (22 ratings),Serve in a Coupe glass,"- 45 ml Lustau Manzanilla Papirusa Sherry
- 30 ml Carpano Antica Formula Vermouth
- 22.5 ml Strucchi Red Bitter (Campari-style liqueur)",EXPRESS orange zest twist over the cocktail and use as garnish.,"STIR all ingredients with ice.
FINE STRAIN into chilled glass.",No especificado,139 kcal,No especificado,"Adapted from a recipe created in 2018 by Tristan Willey at Momofuku Ssäm Bar in New York City, USA.",https://www.diffordsguide.com/cocktails/recipe/10505/sharon
Subourbon,Difford’s Guide Discerning Drinkers (13 ratings),Serve in a Collins glass,"- 2 fresh Blackberries
- 45 ml Bourbon whiskey
- 22.5 ml Carpano Antica Formula Vermouth
- 60 ml Cranberry juice (sweetened)
- 2 dash Angostura Aromatic Bitters",Sin adorno específico,"Select and pre-chill a COLLINS GLASS.
Prepare garnish of blackberries
.
SHAKE all ingredients with ice.
FINE STRAIN into ice-filled glass.",No especificado,No especificadas,No especificado,"Adapted from a drink created in 2010 by David Steenkamp at Jamie Oliver’s Barbecoa, London, England. Originally also with a dash of crème de mûre (blackberry) liqueur so sweeter and fruitier.",https://www.diffordsguide.com/cocktails/recipe/3046/subourbon
Eastern Promises,Difford’s Guide Discerning Drinkers (35 ratings),Serve in a Coupe glass,"- 60 ml Light white rum (charcoal-filtered 1-4 years old)
- 15 ml Strucchi Rosso Vermouth
- 30 ml Orange juice (freshly squeezed)
- 10 ml Lime juice (freshly squeezed)
- 10 ml Sugar syrup 'rich' (2 sugar to 1 water, 65.0°Brix)
- 2 dash Peychaud's or other Creole-style bitters",EXPRESS orange zest twist over the cocktail and use as garnish.,"SHAKE all ingredients with ice.
FINE STRAIN into chilled glass.",No especificado,196 kcal,No especificado,"Created in 2011 by Simone Caporale at Artesian at the Langham Hotel in London, England.",https://www.diffordsguide.com/cocktails/recipe/3275/eastern-promises
Behemoth,Difford’s Guide Discerning Drinkers (18 ratings),Serve in a Coupe glass,"- 25 ml Bourbon whiskey
- 25 ml Strucchi Rosso Vermouth
- 20 ml Straight rye whiskey (100 proof /50% alc./vol.)
- 20 ml De Kuyper White Crème de Cacao
- 10 ml Lemon juice (freshly squeezed) optional
- 10 ml Maple syrup optional
- 15 ml Egg white (pasteurised) or Vegg White vegan egg white alternative
- 2 dash Peychaud's or other Creole-style bitters",Sin adorno específico,"SHAKE all ingredients with ice and strain back into shaker.
DRY SHAKE (without ice).
FINE STRAIN into chilled glass.",No especificado,247 kcal,No especificado,This 'monstrous beast' was created in 2004 by yours truly and 'improved' in December 2021.,https://www.diffordsguide.com/cocktails/recipe/198/behemoth
Artillery,Difford’s Guide Discerning Drinkers (156 ratings),Serve in a Coupe glass,"- 50 ml Hayman's London Dry Gin
- 25 ml Strucchi Rosso Vermouth
- 1 dash Angostura Aromatic Bitters",Garnish with skewered cherry.,"STIR all ingredients with ice.
FINE STRAIN into chilled glass.",No especificado,148 kcal,No especificado,Adapted from a recipe in Harry Craddock's 1930 The Savoy Cocktail Book.,https://www.diffordsguide.com/cocktails/recipe/11248/artillery
Negronic,Difford’s Guide Discerning Drinkers (67 ratings),Serve in an Old-fashioned glass,"- 30 ml Hayman's London Dry Gin
- 30 ml Strucchi Rosso Vermouth
- 30 ml Thomas Henry Tonic Water",Sin adorno específico,POUR ingredients into ice-filed glass (preferably over a large cube or chunk of block ice) and briefly stir to combine.,No especificado,124 kcal,No especificado,"Adapted from a recipe created in September 2022 by Mary Kate Murray while visiting her parents on Long Beach Island in New Jersey, USA.",https://www.diffordsguide.com/cocktails/recipe/16514/negronic
Milano Torino (Mi-To),Difford’s Guide Discerning Drinkers (160 ratings),Photographed in a Nude Bar/Giani Old Fashioned Cocktail Glass,"- 45 ml Strucchi Red Bitter (Campari-style liqueur)
- 45 ml Strucchi Rosso Vermouth",Garnish with orange slice or wedge.,"STIR all ingredients with ice.
STRAIN into ice-filled glass (preferably a large cube or chunk of block ice).",No especificado,175 kcal,No especificado,"Created in the 1860s by Gaspare Campari at his Caffè Campari, on Milan's Piazza del Duomo and named after the origins of its two ingredients: Campari from Milan and rosso vermouth, traditionally from Turin. It is said that later, soda water was added to the Milano-Torino to create the Americano. The Milano-Torino also morphed into the Negroni with gin added.",https://www.diffordsguide.com/cocktails/recipe/3495/milano-torino-mi-to
Father's Advice,Discerning Drinkers (4 ratings),Serve in a Coupe glass,"- 45 ml Havana Club Original Añejo 3 Años Cuban rum
- 15 ml Punt E Mes vermouth amaro
- 15 ml Vermouth amaro - medium (e.g. Cocchi Vermouth Amaro)
- 15 ml Lustau Amontillado Los Arcos Sherry
- 7.5 ml Giffard Banane du Brésil liqueur",Sin adorno específico,SHAKE all ingredients and fine strain into chilled glass.,No especificado,194 kcal,No especificado,"USA Bacardí Legacy 2015 winning cocktail by Ran Duan, The Baldwin Bar, Sichuan Garden, Woburn, MA.",https://www.diffordsguide.com/cocktails/recipe/3933/fathers-advice
L'Americano,Difford’s Guide Discerning Drinkers (3 ratings),Serve in a Highball (max 10oz/300ml),"- 50 ml Savoia Americano Rosso
- 50 ml Thomas Henry Soda Water",Sin adorno específico,"Select and pre-chill a HIGHBALL (MAX 10OZ/300ML) GLASS.
Prepare garnish of 3 skewered fresh grapes.
POUR all ingredients into ice-filled glass.
Briefly STIR.",No especificado,No especificadas,No especificado,A signature cocktail developed in 2021 by Savoia Americano.,https://www.diffordsguide.com/cocktails/recipe/10630/lamericano
L' Italo Americano,Difford’s Guide Discerning Drinkers (4 ratings),Serve in a Highball (max 10oz/300ml),"- 45 ml Italicus liqueur
- 45 ml Savoia Americano Rosso
- 45 ml Thomas Henry Pink Grapefruit soda
- 6 drop Bob's Grapefruit Bitters",Sin adorno específico,POUR all ingredients into chilled glass and the add ice to fill.,No especificado,204 kcal,No especificado,Adapted (I added the grapefruit bitters) from a recipe created in 2023 by our friends at Ital Spirits for the USA launch of Savoia Americano Rosso.,https://www.diffordsguide.com/cocktails/recipe/19654/l-italo-americano
Pink Americano,Difford’s Guide Discerning Drinkers (59 ratings),Serve in a Collins glass,"- 30 ml Strucchi Rosso Vermouth
- 30 ml Strucchi Red Bitter (Campari-style liqueur)
- Top up with Thomas Henry Pink Grapefruit soda",EXPRESS grapefruit zest twist over cocktail and use as garnish.,"POUR all ingredients into ice-filled glass.
Lightly stir.",No especificado,117 kcal,No especificado,"Created in 2015 by George Tsirikos, Athens, Greece.",https://www.diffordsguide.com/cocktails/recipe/3931/pink-americano
Fig Leaf Americano,Difford’s Guide Discerning Drinkers (2 ratings),Serve in a Collins glass,"- 30 ml Strucchi Rosso Vermouth
- 25 ml Strucchi Red Bitter (Campari-style liqueur)
- 120 ml Fig Leaf Soda chilled",Garnish with fig slice on rim.,"POUR all ingredients into chilled glass.
FILL glass with ice.",No especificado,152 kcal,No especificado,Sin registro histórico,https://www.diffordsguide.com/cocktails/recipe/32311/fig-leaf-americano
Champino,Difford’s Guide Discerning Drinkers (21 ratings),Serve in a Flute glass,"- 30 ml Strucchi Red Bitter (Campari-style liqueur)
- 30 ml Strucchi Rosso Vermouth
- 60 ml Brut champagne/sparkling wine",EXPRESS orange zest twist over the cocktail and use as garnish.,"SHAKE first 2 ingredients with ice.
FINE STRAIN into chilled glass.
TOP with sparkling wine.",No especificado,156 kcal,No especificado,Sin registro histórico,https://www.diffordsguide.com/cocktails/recipe/2335/champino
Winter Americano,Difford’s Guide Discerning Drinkers (2 ratings),Photographed in an Urban Bar Fluet Highball 45cl,"- 40 ml Strucchi Red Bitter (Campari-style liqueur)
- 40 ml Strucchi Rosso Vermouth
- 90 ml Mandarin soda",Sin adorno específico,"Select and pre-chill a COLLINS GLASS.
Prepare garnish of lemon and orange zest twist.
POUR all ingredients into glass.
FILL glass with ice.",No especificado,201 kcal,No especificado,Adapted from a recipe promoted by Three Cents in 2024.,https://www.diffordsguide.com/cocktails/recipe/30036/winter-americano
Americano Perfecto,Difford’s Guide Discerning Drinkers (14 ratings),Photographed in a Modern America Collins,"- 45 ml Strucchi Red Bitter (Campari-style liqueur)
- 22.5 ml Strucchi Rosso Vermouth
- 22.5 ml Carpano Antica Formula Vermouth
- 120 ml Pilsner lager",Garnish with orange slice.,"STIR first 3 ingredients with ice.
STRAIN into ice-filled glass.
TOP with beer and briefly stir",No especificado,227 kcal,No especificado,"Adapted from a recipe created by Damon Boelte at Prime Meats in Brooklyn, New York City.",https://www.diffordsguide.com/cocktails/recipe/20322/americano-perfecto
Summer Americano,Difford’s Guide Discerning Drinkers (14 ratings),Serve in a Highball (max 10oz/300ml),"- 30 ml Rubino/Rosso/Rojo (sweet, fruity) vermouth
- 30 ml Strucchi Red Bitter (Campari-style liqueur)
- 5 ml Gentian liqueur (e.g. Suze, Salers etc)
- 3 drop Bob's Cardamom bitters
- 30 ml Thomas Henry Tonic Water",Garnish with lemon slice.,"STIR first 4 ingredients with ice.
STRAIN into ice-filled glass whilst also pouring tonic water.",No especificado,133 kcal,No especificado,"Created in May 2015 by Ignacio ""Nacho"" Vázquez, the Spanish Martini Brand Ambassador. Naturally Nacho originally used Martini Bitter.",https://www.diffordsguide.com/cocktails/recipe/3966/summer-americano
A Lucky Roman Americano,Difford’s Guide Discerning Drinkers (5 ratings),Serve in an Old-fashioned glass,"- 30 ml Strucchi Red Bitter (Campari-style liqueur)
- 30 ml Strucchi Rosso Vermouth
- 30 ml Cynar or other carciofo amaro
- 2 dash Bob's Peppermint Bitters
- Top up with *Special ingredient #1 (see above)",Sin adorno específico,THROW first 4 ingredients with ice and strain into ice-filled glass. Top with rosemary soda. <strong>Special ingredient #1: Rosemary soda</strong>,No especificado,165 kcal,No especificado,Created in 2017 by Luana Bosello in Italy.,https://www.diffordsguide.com/cocktails/recipe/4061/a-lucky-roman-americano
L'Americano Moderno,Difford’s Guide Discerning Drinkers (2 ratings),Serve in an Old-fashioned glass,"- 60 ml Savoia Americano Rosso
- 4 dash Orange Bitters by Angostura
- 40 ml Elderberry & hibiscus soda",Sin adorno específico,"Select and pre-chill an OLD-FASHIONED GLASS.
Prepare garnish of edible flower or orange slice.
POUR all ingredients into ice-filled glass.
Briefly STIR.",No especificado,207 kcal,No especificado,"Adapted from a recipe created in December 2021 by Lorenzo Politano at Aleph Rome Hotel in Rome, Italy.",https://www.diffordsguide.com/cocktails/recipe/11082/lamericano-moderno
D&B Shakerato,Difford’s Guide Discerning Drinkers (8 ratings),Photographed in a ZigZag Coupe,"- 50 ml Savoia Americano Rosso
- 20 ml Pink grapefruit juice (freshly squeezed)
- 10 ml Honey syrup (3 parts honey to 1 water by weight)
- 2 drop Saline solution (20g sea salt to 80g water) or merest pinch of s",EXPRESS grapefruit zest twist over cocktail and use as garnish.,"SHAKE all ingredients with ice.
FINE STRAIN into chilled glass.",No especificado,138 kcal,No especificado,"Adapted from a recipe created in 2021 by Matteo Carretta at Claridge's Hotel in London, England. Matteo's original recipe calls for 10ml acacia honey and xanthan gum syrup in place of the honey syrup I've used.",https://www.diffordsguide.com/cocktails/recipe/10623/dandb-shakerato
Less is More Negroni,Difford’s Guide Discerning Drinkers (21 ratings),Serve in an Old-fashioned glass,"- 50 ml Savoia Americano Rosso
- 25 ml Hayman's London Dry Gin",Garnish with orange slice.,"POUR all ingredients into ice-filled glass.
Briefly STIR.",No especificado,No especificadas,No especificado,"Giuseppe Gallo, the creator of Savoia Americano.",https://www.diffordsguide.com/cocktails/recipe/11084/less-is-more-negroni
Casa Savoia Garibaldi,Difford’s Guide Discerning Drinkers (8 ratings),Serve in a Highball (max 10oz/300ml),"- 50 ml Savoia Americano Rosso
- 90 ml Orange juice (freshly squeezed)",Garnish with orange wedge rested across rim.,"Squeeze orange juice using pillar or elbow press and fine strain to remove any flesh.
DRY BLEND the freshly squeezed juice at high speed (without ice) to make ""fluffy"".
POUR rosso americano/quinquina and half of the orange juice into glass over 2 cubes of ice and STIR.
Fill glass with more ice (3 cubes) and fill with rest of fluffy orange juice.",No especificado,146 kcal,No especificado,"Adapted from a recipe created in 2019 by Giuseppe Gallo, the creator of Savoia Americano.",https://www.diffordsguide.com/cocktails/recipe/11086/casa-savoia-garibaldi
Casa Savoia Boulevardier,Difford’s Guide Discerning Drinkers (23 ratings),Serve in an Old-fashioned glass,"- 50 ml Savoia Americano Rosso
- 25 ml Bourbon whiskey",Sin adorno específico,POUR all ingredients into ice-filled glass (preferably over a large cube or junk of block ice).,No especificado,No especificadas,No especificado,"Adapted from a recipe created in 2019 by Giuseppe Gallo, the creator of Savoia Americano.",https://www.diffordsguide.com/cocktails/recipe/11090/casa-savoia-boulevardier
Difford's Fruit Cup No.1 (gin based & Pimm's Cup-like),Difford’s Guide Discerning Drinkers (119 ratings),Serve in a Collins glass,"- 25 ml Hayman's London Dry Gin
- 25 ml Ferrand Dry Curaçao
- 25 ml Strucchi Rosso Vermouth
- 2 dash Angostura Aromatic Bitters
- 50 ml Thomas Henry Ginger Ale
- 50 ml Cola (e.g. Coca-Cola or Pepsi)",Finish with rest of garnish.,"POUR all ingredients into glass.
Half fill glass with ice.
Add a citrus slice and a couple of mint leaves from garnish
Fill to brim with ice.",No especificado,213 kcal,No especificado,Created in 2011 by yours truly in an attempt to improve on a Pimm's Cup. For more recipes and history see Fruit Cups and Pimm's.,https://www.diffordsguide.com/cocktails/recipe/2169/diffords-fruit-cup-no1-gin-based-and-pimms-cup-like
Meditation,Difford’s Guide Discerning Drinkers (27 ratings),Serve in a Coupe glass,"- 60 ml Lustau Amontillado Los Arcos Sherry
- 22.5 ml Strucchi Rosso Vermouth
- 5 ml Green Chartreuse (or alternative herbal liqueur)
- 5 ml Fernet Branca liqueur
- 5 ml Grenadine/pomegranate syrup",EXPRESS orange zest twist over the cocktail and use as garnish.,"STIR all ingredients with ice.
FINE STRAIN into chilled glass.",No especificado,142 kcal,No especificado,Adapted from a recipe in Charles Christopher Mueller's 1934 Pioneers of Mixing at Elite Bars.,https://www.diffordsguide.com/cocktails/recipe/25029/meditation
Bobby Burns (Difford's own),Difford’s Guide Discerning Drinkers (314 ratings),Serve in a Nick & Nora glass,"- 37.5 ml Blended Scotch whisky
- 30 ml Strucchi Rosso Vermouth
- 10 ml Bénédictine D.O.M. liqueur
- 2 dash Peychaud's or other Creole-style bitters
- 1 dash La Fée Parisienne absinthe","EXPRESS lemon zest twist over the cocktail and discard.
Garnish with a slice of shortbread rested across the rim.","STIR all ingredients with ice.
FINE STRAIN into chilled glass.",No especificado,163 kcal,No especificado,Recipe by yours truly in January 2017. See Bobby Burns cocktail history.,https://www.diffordsguide.com/cocktails/recipe/4109/bobby-burns-diffords-own
The Addington,Difford’s Guide Discerning Drinkers (59 ratings),Serve in a Coupe glass,"- 45 ml Cognac (brandy)
- 22.5 ml Strucchi Rosso Vermouth
- 10 ml Bénédictine D.O.M. liqueur
- 1 dash Boker's style bitters",EXPRESS lemon zest twist over the cocktail and use as garnish.,"STIR all ingredients with ice.
FINE STRAIN into chilled glass.",No especificado,169 kcal,No especificado,"Created in 2015 by Guy Butler at Muddlers in Sydenham, London, England.",https://www.diffordsguide.com/cocktails/recipe/3755/the-addington
Tequila Fruit Cup (Difford's Cup No.7),Difford’s Guide Discerning Drinkers (12 ratings),Serve in a Collins glass,"- 25 ml Patrón Reposado tequila
- 25 ml Ferrand Dry Curaçao
- 25 ml Strucchi Rosso Vermouth
- 2 dash Bob's Lavender Bitters
- 50 ml Thomas Henry Ginger Ale
- 50 ml Cola (e.g. Coca-Cola or Pepsi)",Finish with rest of garnish.,"POUR all ingredients into glass.
Half fill glass with ice.
Add a citrus slice and a couple of mint leaves from garnish
Fill to brim with ice.",No especificado,213 kcal,No especificado,"Created in June 2017 by yours truly at the Cabinet Room, London, England. For more recipes and history see Fruit Cups and Pimm's.",https://www.diffordsguide.com/cocktails/recipe/4210/tequila-fruit-cup-diffords-cup-no7
La Familia,Discerning Drinkers (3 ratings),Serve in a Coupe glass,"- 45 ml Light white rum (charcoal-filtered 1-4 years old)
- 30 ml Lustau Amontillado Los Arcos Sherry
- 30 ml Orange juice (freshly squeezed)
- 2 barspoon Strucchi Rosso Vermouth",Garnish with chocolate and popcorn.,"SHAKE all ingredients with ice.
FINE STRAIN into chilled glass.",No especificado,No especificadas,No especificado,Mexican Bacardí Legacy 2015 winning cocktail by Alberto Riesler at Grupo Fisher's in Mexico City.,https://www.diffordsguide.com/cocktails/recipe/3980/la-familia
