slug,name,city,query,candidatePlaceId,candidateName,candidateAddress,matchScore,googleMapsUri
102-house-restaurant-2,102 House,Shanghai,102 House Shanghai Shanghai,ChIJrw--GVhwsjURcDAraVEUnsg,The House of Roosevelt,"27 Zhong Shan Dong Yi Lu, Waitan, Huang Pu Qu, Shang Hai Shi, China, 200002",0.213,https://maps.google.com/?cid=14456014193795215472&g_mp=Cidnb29nbGUubWFwcy5wbGFjZXMudjEuUGxhY2VzLlNlYXJjaFRleHQQAhgEIAA
1930-2,1930,Milan,1930 Milan Italy,ChIJiSX8P8PDhkcRfHhfJ4XUR8w,1930 Cocktail Bar,"Via Edmondo de Amicis, 22, 20123 Milano MI, Italia",0.814,https://maps.google.com/?cid=14719967575440062588&g_mp=Cidnb29nbGUubWFwcy5wbGFjZXMudjEuUGxhY2VzLlNlYXJjaFRleHQQAhgEIAA
7th-door-restaurant-2,7th Door,Seoul,7th Door Seoul 41 4층,ChIJJ1xm8n-lfDUR5AOAQSJ0oeM,7th Door,"Corea del Sur, Seoul, Gangnam District, Hakdong-ro 97-gil, 41 4층",0.875,https://maps.google.com/?cid=16402519008336675812&g_mp=Cidnb29nbGUubWFwcy5wbGFjZXMudjEuUGxhY2VzLlNlYXJjaFRleHQQAhgEIAA
a-casa-do-porco-restaurant,A Casa do Porco,São Paulo,A Casa do Porco São Paulo Brazil,ChIJK76a5E5YzpQRCoY7nm1M3-k,A Casa do Porco Bar,"R. Araújo, 124 - República, São Paulo - SP, 01220-020, Brasil",1.000,https://maps.google.com/?cid=16852272364333532682&g_mp=Cidnb29nbGUubWFwcy5wbGFjZXMudjEuUGxhY2VzLlNlYXJjaFRleHQQAhgEIAA
acamaya-restaurant-2,Acamaya,New Orleans,Acamaya New Orleans LA 70117,ChIJ1_GQtPSnIIYRHIOEV_boIHM,Acamaya,"3070 Dauphine St, New Orleans, LA 70117, EE. UU.",0.750,https://maps.google.com/?cid=8295886658344354588&g_mp=Cidnb29nbGUubWFwcy5wbGFjZXMudjEuUGxhY2VzLlNlYXJjaFRleHQQAhgEIAA
addison-by-william-bradley-restaurant-2,Addison by William Bradley,San Diego,Addison by William Bradley San Diego United States,ChIJrVfI5sEH3IARfAmbFue9xNc,ADDISON BY WILLIAM BRADLEY,"5200 Grand Del Mar Way, San Diego, CA 92130, EE. UU.",0.875,https://maps.google.com/?cid=15547760613804149116&g_mp=Cidnb29nbGUubWFwcy5wbGFjZXMudjEuUGxhY2VzLlNlYXJjaFRleHQQAhgEIAA
afluente-restaurant,Afluente,Bogotá,Afluente Bogotá Colombia,ChIJp2-bW3ubP44RfxtjR_I9OTY,Afluente Restaurante,"Cra 3a #57 -35, Bogotá, Colombia",0.750,https://maps.google.com/?cid=3907222262509673343&g_mp=Cidnb29nbGUubWFwcy5wbGFjZXMudjEuUGxhY2VzLlNlYXJjaFRleHQQAhgEIAA
albi-restaurant-2,Albi,Washington DC,Albi Washington DC United States,ChIJ240L8N25t4kRCoGiQ2-21bI,Albi,"1346 4th St SE, Washington, DC 20003, EE. UU.",1.000,https://maps.google.com/?cid=12886406497782890762&g_mp=Cidnb29nbGUubWFwcy5wbGFjZXMudjEuUGxhY2VzLlNlYXJjaFRleHQQAhgEIAA
alcalde-restaurant,Alcalde,Guadalajara,Alcalde Guadalajara Mexico,ChIJSxhI0W6uKIQRLbizqZhTQuQ,Restaurante Alcalde,"Av. México 2903, Vallarta Nte., 44690 Guadalajara, Jal., México",0.750,https://maps.google.com/?cid=16447800704257734701&g_mp=Cidnb29nbGUubWFwcy5wbGFjZXMudjEuUGxhY2VzLlNlYXJjaFRleHQQAhgEIAA
alchemist-restaurant-2,Alchemist,Copenhagen,Alchemist Copenhagen Denmark,ChIJGbFWVvBSUkYR5x0i6Z836Ao,Alchemist,"Refshalevej 173C, 1432 København, Dinamarca",0.800,https://maps.google.com/?cid=785939294926806503&g_mp=Cidnb29nbGUubWFwcy5wbGFjZXMudjEuUGxhY2VzLlNlYXJjaFRleHQQAhgEIAA
alice-2,Alice,Seoul,Alice Seoul Seoul,ChIJ1SQnb3ikfDURcbiz6NFB5h0,Alice Cheongdam,"Corea del Sur, Seoul, Gangnam District, Dosan-daero 55-gil, 47 지하 1층",0.939,https://maps.google.com/?cid=2154481841551423601&g_mp=Cidnb29nbGUubWFwcy5wbGFjZXMudjEuUGxhY2VzLlNlYXJjaFRleHQQAhgEIAA
alquimico-2,Alquímico,Cartagena,Alquímico Cartagena Colombia,ChIJ7zMvlZ8v9o4RWCwfENTkEbc,ALQUÍMICO,"Cl. del Colegio #34-24, El Centro, Cartagena de Indias, Bolívar, Colombia",1.000,https://maps.google.com/?cid=13191576382999571544&g_mp=Cidnb29nbGUubWFwcy5wbGFjZXMudjEuUGxhY2VzLlNlYXJjaFRleHQQAhgEIAA
angels-share,Angel's Share,New York,Angel's Share New York United States,ChIJiyiwQFdZwokR7rsRrrchLJk,Angel’s Share,"45 Grove St, New York, NY 10014, EE. UU.",0.750,https://maps.google.com/?cid=11037233859561372654&g_mp=Cidnb29nbGUubWFwcy5wbGFjZXMudjEuUGxhY2VzLlNlYXJjaFRleHQQAhgEIAA
annalena-restaurant-2,AnnaLena,Vancouver,AnnaLena Vancouver Canada,ChIJJ_oZQcpzhlQRYmMyGpKp7PA,AnnaLena,"1809 W 1st Ave, Vancouver, BC V6J 4M6, Canadá",1.000,https://maps.google.com/?cid=17360437108576248674&g_mp=Cidnb29nbGUubWFwcy5wbGFjZXMudjEuUGxhY2VzLlNlYXJjaFRleHQQAhgEIAA
aramburu-restaurant,Aramburu,Buenos Aires,Aramburu Buenos Aires Argentina,ChIJUwhogCjLvJURazYFxCm6cUM,Aramburu Relais & Châteaux,"Pasaje del Correo, Vicente López 1661, C1103ACY Cdad. Autónoma de Buenos Aires, Argentina",0.714,https://maps.google.com/?cid=4859870161454577259&g_mp=Cidnb29nbGUubWFwcy5wbGFjZXMudjEuUGxhY2VzLlNlYXJjaFRleHQQAhgEIAA
arami-restaurant,Arami,La Paz,Arami La Paz Bolivia,ChIJ4fN0HQAhX5ERZ_OAO-Jkvng,Arami,"Av. Aviador 77, La Paz, Bolivia",0.750,https://maps.google.com/?cid=8700502452950070119&g_mp=Cidnb29nbGUubWFwcy5wbGFjZXMudjEuUGxhY2VzLlNlYXJjaFRleHQQAhgEIAA
arca-restaurant,Arca,Tulum,Arca Tulum Mexico,ChIJJ-ohbMvQT48RUyLPOYlArC0,ARCA,"Carr. Tulum-Boca Paila km 7.6, Tulum Beach, 77780 Tulum, Q.R., México",0.875,https://maps.google.com/?cid=3291076385825563219&g_mp=Cidnb29nbGUubWFwcy5wbGFjZXMudjEuUGxhY2VzLlNlYXJjaFRleHQQAhgEIAA
argo-2,Argo,Hong Kong,Argo Hong Kong Hong Kong,ChIJa0m0W30BBDQRJIxB7UyZMIU,ARGO,"8 Finance St, Central, Hong Kong",0.975,https://maps.google.com/?cid=9597339361603587108&g_mp=Cidnb29nbGUubWFwcy5wbGFjZXMudjEuUGxhY2VzLlNlYXJjaFRleHQQAhgEIAA
arpege-restaurant-2,Arpège,Paris,Arpège Paris France,ChIJQ-oAFypw5kcR2T9NszPcZO4,Arpège,"84 Rue de Varenne, 75007 Paris, Francia",1.000,https://maps.google.com/?cid=17178096993307541465&g_mp=Cidnb29nbGUubWFwcy5wbGFjZXMudjEuUGxhY2VzLlNlYXJjaFRleHQQAhgEIAA
asador-etxebarri-restaurant-2,Asador Etxebarri,Atxondo,Asador Etxebarri Atxondo Spain,ChIJfwMp6PLSTw0RFlSWXV3fkio,Asador Etxebarri,"San Juan Plaza, 1, 48291 Axpe-Martzaa / Axpe Marzana, Bizkaia, España",0.800,https://maps.google.com/?cid=3067759888287814678&g_mp=Cidnb29nbGUubWFwcy5wbGFjZXMudjEuUGxhY2VzLlNlYXJjaFRleHQQAhgEIAA
aska-restaurant-2,Aska,New York,Aska New York United States,ChIJUwatTl1ZwokRUDXxYoFa-hk,Aska,"47 S 5th St, Brooklyn, NY 11249, EE. UU.",0.550,https://maps.google.com/?cid=1871908106883118416&g_mp=Cidnb29nbGUubWFwcy5wbGFjZXMudjEuUGxhY2VzLlNlYXJjaFRleHQQAhgEIAA
atelier-crenn-restaurant-2,Atelier Crenn,San Francisco,Atelier Crenn San Francisco United States,ChIJx1ULhNCAhYARSRq9NDWTeqI,Atelier Crenn,"3127 Fillmore St, San Francisco, CA 94123, EE. UU.",0.875,https://maps.google.com/?cid=11707832038030383689&g_mp=Cidnb29nbGUubWFwcy5wbGFjZXMudjEuUGxhY2VzLlNlYXJjaFRleHQQAhgEIAA
atelier-moessmer-norbert-niederkofler-restaurant-2,Atelier Moessmer Norbert Niederkofler,Brunico,Atelier Moessmer Norbert Niederkofler Brunico 39031,ChIJf6LW4bcheEcRuUfcDFw1q30,Atelier Moessmer Norbert Niederkofler,"Via Walther von der Vogelweide, 17, 39031 Brunico BZ, Italia",0.925,https://maps.google.com/?cid=9055390145227540409&g_mp=Cidnb29nbGUubWFwcy5wbGFjZXMudjEuUGxhY2VzLlNlYXJjaFRleHQQAhgEIAA
atomix-restaurant-3,Atomix,New York,Atomix New York USA,ChIJ3bmAHghZwokRRXYO57yLuss,ATOMIX,"104 E 30th St, New York, NY 10016, EE. UU.",0.750,https://maps.google.com/?cid=14680199578814150213&g_mp=Cidnb29nbGUubWFwcy5wbGFjZXMudjEuUGxhY2VzLlNlYXJjaFRleHQQAhgEIAA
attaboy,Attaboy,New York,Attaboy New York United States,ChIJDbQMBIdZwokRVS4L8B8V5SA,Attaboy,"134 Eldridge St, New York, NY 10002, EE. UU.",1.000,https://maps.google.com/?cid=2370324005795868245&g_mp=Cidnb29nbGUubWFwcy5wbGFjZXMudjEuUGxhY2VzLlNlYXJjaFRleHQQAhgEIAA
au-jardin-restaurant-2,Au Jardin,Penang,Au Jardin Penang Malaysia,ChIJO7pVFaDDSjARUI1CyPfDXwM,Restaurant au Jardin,"125, Jalan Timah, 10150 George Town, Pulau Pinang, Malasia",0.800,https://maps.google.com/?cid=243128373885439312&g_mp=Cidnb29nbGUubWFwcy5wbGFjZXMudjEuUGxhY2VzLlNlYXJjaFRleHQQAhgEIAA
august-restaurant-2,August,Jakarta,August Jakarta Jakarta 12190,ChIJWakHrTXxaS4Rf8RXhBHg-W4,August Jakarta,"Sequis Tower - Ground Floor #03-02, Jl. Jenderal Sudirman No.Kav. 71, RT.5/RW.3, Senayan, Kec. Kby. Baru, Jakarta, Daerah Khusus Ibukota Jakarta 12190, Indonesia",0.889,https://maps.google.com/?cid=7996668979212436607&g_mp=Cidnb29nbGUubWFwcy5wbGFjZXMudjEuUGxhY2VzLlNlYXJjaFRleHQQAhgEIAA
avize-restaurant-2,Avize,Atlanta,Avize Atlanta GA 30318,ChIJK9Gk2YYF9YgR3f-T6fTabpY,Avize Modern Alpine,"956 Brady Ave NW, Atlanta, GA 30318, EE. UU.",0.714,https://maps.google.com/?cid=10839842098553028573&g_mp=Cidnb29nbGUubWFwcy5wbGFjZXMudjEuUGxhY2VzLlNlYXJjaFRleHQQAhgEIAA
baba-au-rum-2,Baba au Rum,Athens,Baba au Rum Athens Greece,ChIJFVsBjjy9oRQR7XnarON2k94,Baba au Rum,"Klitiou 6, Athina 105 60, Grecia",0.800,https://maps.google.com/?cid=16038293418226121197&g_mp=Cidnb29nbGUubWFwcy5wbGFjZXMudjEuUGxhY2VzLlNlYXJjaFRleHQQAhgEIAA
baltra-bar,Baltra Bar,Mexico City,Baltra Bar Mexico City 06100,ChIJ0Q5aE0D_0YURSgPnuAqiwlY,Baltra Bar,"Iztaccihuatl 36D, Colonia Condesa, Cuauhtémoc, 06100 Ciudad de México, CDMX, México",0.900,https://maps.google.com/?cid=6251737399679189834&g_mp=Cidnb29nbGUubWFwcy5wbGFjZXMudjEuUGxhY2VzLlNlYXJjaFRleHQQAhgEIAA
bandista,Bandista,Houston,Bandista Houston United States,ChIJgd1-TXa_QIYRU99_u8tS0KY,Bandista,"1300 Lamar St, Houston, TX 77010, EE. UU.",0.875,https://maps.google.com/?cid=12020198440429412179&g_mp=Cidnb29nbGUubWFwcy5wbGFjZXMudjEuUGxhY2VzLlNlYXJjaFRleHQQAhgEIAA
bar-benfiddich-3,Bar Benfiddich,Tokyo,Bar Benfiddich Tokyo Japan,ChIJZUTGW9GMGGAROJ7G4sU221Q,Bar Benfiddich,"Japón, 〒160-0023 Tokyo, Shinjuku City, Nishishinjuku, 1-chōme−13−７ 9F",1.000,https://maps.google.com/?cid=6114541142626704952&g_mp=Cidnb29nbGUubWFwcy5wbGFjZXMudjEuUGxhY2VzLlNlYXJjaFRleHQQAhgEIAA
cham-bar-2,Bar Cham,Seoul,Bar Cham Seoul Seoul,ChIJxWShw9-jfDURS80cyKrrVI4,Bar Cham,"34 Jahamun-ro 7-gil, Jongno District, Seoul, Corea del Sur",0.975,https://maps.google.com/?cid=10256081370163760459&g_mp=Cidnb29nbGUubWFwcy5wbGFjZXMudjEuUGxhY2VzLlNlYXJjaFRleHQQAhgEIAA
bar-leone-3,Bar Leone,Hong Kong,Bar Leone Hong Kong Hong Kong,ChIJqyyPsGUBBDQRE5twNod5Lk8,Bar Leone,"11-15 Bridges St, Central, Hong Kong",1.000,https://maps.google.com/?cid=5705631399565892371&g_mp=Cidnb29nbGUubWFwcy5wbGFjZXMudjEuUGxhY2VzLlNlYXJjaFRleHQQAhgEIAA
bar-libre-2,Bar Libre,Tokyo,Bar Libre Tokyo Japan,ChIJbzrh61uLGGARWvPJAO_2qWE,Bar LIBRE GINZA,"Japón, 〒104-0061 Tokyo, Chuo City, Ginza, 1-chōme−6−６ ARROWS B1F",0.714,https://maps.google.com/?cid=7037427399113962330&g_mp=Cidnb29nbGUubWFwcy5wbGFjZXMudjEuUGxhY2VzLlNlYXJjaFRleHQQAhgEIAA
bar-madonna,Bar Madonna,New York,Bar Madonna New York United States,ChIJUWhXmjpZwokRjvRZ1_vjTqI,Bar Madonna,"367 Metropolitan Ave, Brooklyn, NY 11211, EE. UU.",0.550,https://maps.google.com/?cid=11695535953117049998&g_mp=Cidnb29nbGUubWFwcy5wbGFjZXMudjEuUGxhY2VzLlNlYXJjaFRleHQQAhgEIAA
bar-mauro,Bar Mauro,Mexico City,Bar Mauro Mexico City Mexico,ChIJcdBWvtv_0YURTptIyzduRkU,Bar Mauro,"Tabasco 149, Roma Nte., Cuauhtémoc, 06700 Ciudad de México, CDMX, México",0.650,https://maps.google.com/?cid=4991798422899563342&g_mp=Cidnb29nbGUubWFwcy5wbGFjZXMudjEuUGxhY2VzLlNlYXJjaFRleHQQAhgEIAA
bar-nouveau-2,Bar Nouveau,Paris,Bar Nouveau Paris France,ChIJ4YqD5chv5kcRf4-j_pVUvnc,Bar Nouveau,"5 Rue des Haudriettes, 75003 Paris, Francia",1.000,https://maps.google.com/?cid=8628426939287441279&g_mp=Cidnb29nbGUubWFwcy5wbGFjZXMudjEuUGxhY2VzLlNlYXJjaFRleHQQAhgEIAA
bar-pompette,Bar Pompette,Toronto,Bar Pompette Toronto Canada,ChIJp6yGSxc1K4gRjEPJXU-EXoY,Bar Pompette,"607 College St, Toronto, ON M6G 1B5, Canadá",1.000,https://maps.google.com/?cid=9682321725303899020&g_mp=Cidnb29nbGUubWFwcy5wbGFjZXMudjEuUGxhY2VzLlNlYXJjaFRleHQQAhgEIAA
bar-sathorn-2,Bar Sathorn,Bangkok,Bar Sathorn Bangkok Thailand,ChIJXyOvz1OZ4jARR_a5T-qORL8,Bar Sathorn,"106, The House on Sathorn, 108 N Sathon Rd, Si Lom, Khet Bang Rak, Krung Thep Maha Nakhon 10500, Tailandia",0.550,https://maps.google.com/?cid=13782297896671639111&g_mp=Cidnb29nbGUubWFwcy5wbGFjZXMudjEuUGxhY2VzLlNlYXJjaFRleHQQAhgEIAA
bar-snack,Bar Snack,New York,Bar Snack New York United States,ChIJW5JA_yVZwokRrVVE7_Vb7CA,Bar Snack,"92 2nd Ave, New York, NY 10003, EE. UU.",1.000,https://maps.google.com/?cid=2372372215556756909&g_mp=Cidnb29nbGUubWFwcy5wbGFjZXMudjEuUGxhY2VzLlNlYXJjaFRleHQQAhgEIAA
bar-spirit-forward-2,Bar Spirit Forward,Bengaluru,Bar Spirit Forward Bengaluru India,ChIJk1UT0hoXrjsRnVPEieFPPfQ,Bar Spirit Forward,"Ground Floor, Hotel Southern Star, 40/2, Lavelle Road, Shanthala Nagar, Ashok Nagar, Bengaluru, Karnataka 560001, India",1.000,https://maps.google.com/?cid=17599310748931347357&g_mp=Cidnb29nbGUubWFwcy5wbGFjZXMudjEuUGxhY2VzLlNlYXJjaFRleHQQAhgEIAA
bar-trigona-2,Bar Trigona,Kuala Lumpur,Bar Trigona Kuala Lumpur 50450 Kuala Lumpur,ChIJ1Xns2Zw3zDERT_IUhj_v3y4,Bar Trigona,"145, Jln Ampang, Kuala Lumpur, 50450 Kuala Lumpur, Wilayah Persekutuan Kuala Lumpur, Malasia",1.000,https://maps.google.com/?cid=3377681301662659151&g_mp=Cidnb29nbGUubWFwcy5wbGFjZXMudjEuUGxhY2VzLlNlYXJjaFRleHQQAhgEIAA
bar-us-3,Bar Us,Bangkok,Bar Us Bangkok Thailand,ChIJG5QaZUKf4jARMm-GbfMbX4A,Bar Us,"Opposite side of security kiosk ( Glass door) Floor 1, 61/37 Floor, 1 สุขุมวิท 26 แขวงคลองตัน เขตคลองเตย กรุงเทพมหานคร 10110, Tailandia",0.550,https://maps.google.com/?cid=9250142891970817842&g_mp=Cidnb29nbGUubWFwcy5wbGFjZXMudjEuUGxhY2VzLlNlYXJjaFRleHQQAhgEIAA
barc-2,Barc,Kathmandu,Barc Kathmandu Nepal,ChIJk69vp84Z6zkRynQgHUXXUaQ,Barc,"Bluestar complex, Kathmandu 44600, Nepal",1.000,https://maps.google.com/?cid=11840481587175126218&g_mp=Cidnb29nbGUubWFwcy5wbGFjZXMudjEuUGxhY2VzLlNlYXJjaFRleHQQAhgEIAA
beba-restaurant-2,Beba,Montreal,Beba Montreal Canada,ChIJsU0h0aURyUwRi0ds76tTJYw,Restaurant Beba,"3900 Rue Éthel, Verdun, QC H4G 1S4, Canadá",0.900,https://maps.google.com/?cid=10098569737369569163&g_mp=Cidnb29nbGUubWFwcy5wbGFjZXMudjEuUGxhY2VzLlNlYXJjaFRleHQQAhgEIAA
bekeb,Bekeb,San Miguel de Allende,Bekeb San Miguel de Allende Mexico,ChIJI-yW-ltRK4QRjAhNyY8I3bw,Bekeb,"Hotel Live Aqua, Calz. De La Presa 85, Zona Centro, 37700 San Miguel de Allende, Gto., México",0.875,https://maps.google.com/?cid=13609043062634121356&g_mp=Cidnb29nbGUubWFwcy5wbGFjZXMudjEuUGxhY2VzLlNlYXJjaFRleHQQAhgEIAA
belcanto-restaurant-2,Belcanto,Lisbon,Belcanto Lisbon Portugal,ChIJITj75340GQ0RXULVgWMFloA,Belcanto,"R. Serpa Pinto 10A, 1200-445 Lisboa, Portugal",0.900,https://maps.google.com/?cid=9265599208299512413&g_mp=Cidnb29nbGUubWFwcy5wbGFjZXMudjEuUGxhY2VzLlNlYXJjaFRleHQQAhgEIAA
benu-restaurant-2,Benu,San Francisco,Benu San Francisco United States,ChIJSToWqn2AhYAR1CuH2iGMvuo,Benu,"22 Hawthorne St, San Francisco, CA 94105, EE. UU.",1.000,https://maps.google.com/?cid=16915111327478262740&g_mp=Cidnb29nbGUubWFwcy5wbGFjZXMudjEuUGxhY2VzLlNlYXJjaFRleHQQAhgEIAA
best-intentions,Best Intentions,Chicago,Best Intentions Chicago United States,ChIJOX_c02nND4gRhZNyBsxxB2E,Best Intentions,"3281 W Armitage Ave, Chicago, IL 60647, EE. UU.",1.000,https://maps.google.com/?cid=6991682067611423621&g_mp=Cidnb29nbGUubWFwcy5wbGFjZXMudjEuUGxhY2VzLlNlYXJjaFRleHQQAhgEIAA
bisous,Bisous,Chicago,Bisous Chicago United States,ChIJ5fYLgnctDogR2Oi8Z14g8pw,Bisous,"938 W Fulton Market, Chicago, IL 60607, EE. UU.",1.000,https://maps.google.com/?cid=11309137204120185048&g_mp=Cidnb29nbGUubWFwcy5wbGFjZXMudjEuUGxhY2VzLlNlYXJjaFRleHQQAhgEIAA
bium-restaurant-2,Bium,Seoul,Bium Seoul Seoul,ChIJNUC-Pz2lfDURMGV1S250AKg,Bium,"Corea del Sur, Seoul, Gangnam District, Hakdong-ro 97-gil, 41 리유빌딩 1층",0.850,https://maps.google.com/?cid=12105803815433102640&g_mp=Cidnb29nbGUubWFwcy5wbGFjZXMudjEuUGxhY2VzLlNlYXJjaFRleHQQAhgEIAA
bkk-social-club-3,BKK Social Club,Bangkok,BKK Social Club Bangkok Thailand,ChIJLwlh74qZ4jARfZDqGK5qtE4,BKK Social Club,"300/1 ถ. เจริญกรุง Khwaeng Yan Nawa, Khet Sathon, Krung Thep Maha Nakhon 10120, Tailandia",0.550,https://maps.google.com/?cid=5671275126741176445&g_mp=Cidnb29nbGUubWFwcy5wbGFjZXMudjEuUGxhY2VzLlNlYXJjaFRleHQQAhgEIAA
boilermaker-2,Boilermaker,Goa,Boilermaker Goa India,ChIJoy3hf6brvzsRiEajCWGOe0U,Boilermaker,"Church, Vaddi Siolim . Enroute Thalassa from, opposite Vailanka Wine store, Siolim, Goa, 403517, India",0.875,https://maps.google.com/?cid=5006751958177105544&g_mp=Cidnb29nbGUubWFwcy5wbGFjZXMudjEuUGxhY2VzLlNlYXJjaFRleHQQAhgEIAA
bon-vivants,Bon Vivants,Nassau,Bon Vivants Nassau Bahamas,ChIJGZ4T2W9jL4kRQaGbWxaNLrU,Bon Vivants,"401 Seaskye Lane, Nassau, Bahamas",0.875,https://maps.google.com/?cid=13055527496959369537&g_mp=Cidnb29nbGUubWFwcy5wbGFjZXMudjEuUGxhY2VzLlNlYXJjaFRleHQQAhgEIAA
borago-restaurant-2,Boragó,Santiago,Boragó Santiago Chile,ChIJxSErG0jPYpYRoyEeWBQK0Dk,Boragó,"Costanera Sur S.J.E. de Balaguer 5970, 7640804 Vitacura, Región Metropolitana, Chile",0.900,https://maps.google.com/?cid=4165840737811702179&g_mp=Cidnb29nbGUubWFwcy5wbGFjZXMudjEuUGxhY2VzLlNlYXJjaFRleHQQAhgEIAA
born-restaurant-2,Born,Singapore,Born Singapore Singapore 088804,ChIJEbQ9xpYZ2jERyBrI8a2FtEY,Restaurant Born,"1 Neil Rd, #01-01, Singapur 088804",0.675,https://maps.google.com/?cid=5094844060595133128&g_mp=Cidnb29nbGUubWFwcy5wbGFjZXMudjEuUGxhY2VzLlNlYXJjaFRleHQQAhgEIAA
botanist-bar,Botanist Bar,Vancouver,Botanist Bar Vancouver Canada,ChIJJYVOCYNxhlQRrkWpvkO-Ao4,Botanist,"1038 Canada Pl, Vancouver, BC V6C 0B9, Canadá",1.000,https://maps.google.com/?cid=10232950501510038958&g_mp=Cidnb29nbGUubWFwcy5wbGFjZXMudjEuUGxhY2VzLlNlYXJjaFRleHQQAhgEIAA
cafe-la-trova,Café La Trova,Miami,Café La Trova Miami 33130,ChIJZzgtHTW32YgR-k9p8IqD5m0,Cafe La Trova,"971 SW 8th St, Miami, FL 33130, EE. UU.",1.000,https://maps.google.com/?cid=7919161627539755002&g_mp=Cidnb29nbGUubWFwcy5wbGFjZXMudjEuUGxhY2VzLlNlYXJjaFRleHQQAhgEIAA
cantina-del-tigre-restaurant,Cantina del Tigre,Panama City,Cantina del Tigre Panama City Panama,ChIJb8-lq_-prI8RSAAmaaTeuiE,Cantina del Tigre,"PLAZA CENTENARIO, C. 68 Este, Panamá, Provincia de Panamá, Panamá",0.650,https://maps.google.com/?cid=2430499746639904840&g_mp=Cidnb29nbGUubWFwcy5wbGFjZXMudjEuUGxhY2VzLlNlYXJjaFRleHQQAhgEIAA
caprice-restaurant-2,Caprice,Hong Kong,Caprice Hong Kong Hong Kong,ChIJzbDWTWIABDQRfEbzv7wxi40,Caprice,"6F, Four Seasons Hotel Hong Kong, 8 Finance St, Central, Hong Kong",1.000,https://maps.google.com/?cid=10199300467854624380&g_mp=Cidnb29nbGUubWFwcy5wbGFjZXMudjEuUGxhY2VzLlNlYXJjaFRleHQQAhgEIAA
caretakers-cottage-2,Caretaker's Cottage,Melbourne,Caretaker's Cottage Melbourne Australia,ChIJI_RgtUND1moRnACbclQN7Bg,Caretaker's Cottage,"139-141 Little Lonsdale St, Melbourne VIC 3000, Australia",1.000,https://maps.google.com/?cid=1795825007765160092&g_mp=Cidnb29nbGUubWFwcy5wbGFjZXMudjEuUGxhY2VzLlNlYXJjaFRleHQQAhgEIAA
carrots-bar-2,Carrots Bar,Jakarta,Carrots Bar Jakarta Indonesia,ChIJT9o3eCLxaS4RA004mF0ke48,Carrots Bar,"Fairgrounds SCBD Jl. Jenderal Sudirman No.14 Lot 14, Basement Level, RT.5/RW.3, Senayan, Kec. Kby. Baru, Kota Jakarta Selatan, Daerah Khusus Ibukota Jakarta 12190, Indonesia",1.000,https://maps.google.com/?cid=10338897353963490563&g_mp=Cidnb29nbGUubWFwcy5wbGFjZXMudjEuUGxhY2VzLlNlYXJjaFRleHQQAhgEIAA
casa-las-cujas-restaurant,Casa Las Cujas,Santiago,Casa Las Cujas Santiago 7630418,ChIJx69plUfPYpYRMfTUZgHxkLE,Casa las Cujas,"Alonso de Córdova 2467, 7630418 Vitacura, Región Metropolitana, Chile",0.900,https://maps.google.com/?cid=12794991529682072625&g_mp=Cidnb29nbGUubWFwcy5wbGFjZXMudjEuUGxhY2VzLlNlYXJjaFRleHQQAhgEIAA
cat-bite-club-2,Cat Bite Club,Singapore,Cat Bite Club Singapore Singapore 089534,ChIJk04hRdgZ2jER-20uIYTmdYc,Cat Bite Club,"75 Duxton Rd, Singapur 089534",0.675,https://maps.google.com/?cid=9760961222562180603&g_mp=Cidnb29nbGUubWFwcy5wbGFjZXMudjEuUGxhY2VzLlNlYXJjaFRleHQQAhgEIAA
celele-restaurant-3,Celele,Cartagena,Celele Cartagena Colombia,ChIJBVeqVVgv9o4RhYsb8WvR9EI,Celele,"Edficio Torre del Reloj, Centro Histórico de, Cl. 38 #APTO 301, El Centro, Cartagena de Indias, Bolívar, Colombia",0.925,https://maps.google.com/?cid=4824711362357463941&g_mp=Cidnb29nbGUubWFwcy5wbGFjZXMudjEuUGxhY2VzLlNlYXJjaFRleHQQAhgEIAA
cesar-restaurant-2,César,New York,César New York United States,ChIJeyzWYABZwokRkxhWJzFpqvU,César,"333 Hudson St, New York, NY 10013, EE. UU.",0.750,https://maps.google.com/?cid=17702076945167423635&g_mp=Cidnb29nbGUubWFwcy5wbGFjZXMudjEuUGxhY2VzLlNlYXJjaFRleHQQAhgEIAA
chef-tams-seasons-restaurant-2,Chef Tam's Seasons,Macau,Chef Tam's Seasons Macau Macau,ChIJS0UZ8v1xATQRY8atMJIReq4,Chef Tam's Seasons,"Wynn Palace, Av. da Nave Desportiva, Macao",0.775,https://maps.google.com/?cid=12572380629337753187&g_mp=Cidnb29nbGUubWFwcy5wbGFjZXMudjEuUGxhY2VzLlNlYXJjaFRleHQQAhgEIAA
chubby-fish-restaurant-2,Chubby Fish,Charleston,Chubby Fish Charleston United States,ChIJyd7gfdF7_ogRRF4Us6IR9DI,Chubby Fish,"252 Coming St, Charleston, SC 29403, EE. UU.",0.875,https://maps.google.com/?cid=3671578986700627524&g_mp=Cidnb29nbGUubWFwcy5wbGFjZXMudjEuUGxhY2VzLlNlYXJjaFRleHQQAhgEIAA
civil-works,Civil Works,Toronto,Civil Works Toronto Canada,ChIJQxWQCwA1K4gRol-CoEDUBUU,Civil Works,"50 Brant St, Toronto, ON M5V 3G9, Canadá",0.750,https://maps.google.com/?cid=4973614737536475042&g_mp=Cidnb29nbGUubWFwcy5wbGFjZXMudjEuUGxhY2VzLlNlYXJjaFRleHQQAhgEIAA
clemente-bar,Clemente Bar,New York,Clemente Bar New York United States,ChIJ6UzR7c9ZwokRRO7pi5eXZIM,Clemente Bar,"11 Madison Ave, New York, NY 10010, EE. UU.",0.750,https://maps.google.com/?cid=9467858993782844996&g_mp=Cidnb29nbGUubWFwcy5wbGFjZXMudjEuUGxhY2VzLlNlYXJjaFRleHQQAhgEIAA
cmyk-2,CMYK,Changsha,CMYK Changsha 452370,,,,0,
coa-3,Coa,Hong Kong,Coa Hong Kong Hong Kong,ChIJ__9zd3wABDQR9jco3PBl3bg,COA,"Shop A, LG/F, Wah Shin House, 6-10 Shin Hing St, Central, Hong Kong",1.000,https://maps.google.com/?cid=13320915357991974902&g_mp=Cidnb29nbGUubWFwcy5wbGFjZXMudjEuUGxhY2VzLlNlYXJjaFRleHQQAhgEIAA
cochinchina-2,CoChinChina,Buenos Aires,CoChinChina Buenos Aires Argentina,ChIJs2XPmoG1vJURwboMb5sigY0,Cochinchina,"Armenia 1540, C1414 Cdad. Autónoma de Buenos Aires, Argentina",0.750,https://maps.google.com/?cid=10196469082321894081&g_mp=Cidnb29nbGUubWFwcy5wbGFjZXMudjEuUGxhY2VzLlNlYXJjaFRleHQQAhgEIAA
connaught-bar-2,Connaught Bar,London,Connaught Bar London UK,ChIJ0aqjLCwFdkgRsvmYeG290jE,The Connaught Bar,"The Connaught, 16 Carlos Pl, London W1K 2AL, Reino Unido",0.750,https://maps.google.com/?cid=3590140130840082866&g_mp=Cidnb29nbGUubWFwcy5wbGFjZXMudjEuUGxhY2VzLlNlYXJjaFRleHQQAhgEIAA
cordero-restaurant,Cordero,Caracas,Cordero Caracas Caracas,ChIJNxus65JZKowRVg3CpWlK77Y,Cordero Restaurante,"C. París, Caracas 1080, Miranda, Venezuela",0.750,https://maps.google.com/?cid=13181836451949710678&g_mp=Cidnb29nbGUubWFwcy5wbGFjZXMudjEuUGxhY2VzLlNlYXJjaFRleHQQAhgEIAA
corima-restaurant-2,Corima,New York,Corima New York United States,ChIJgaiXlpNbwokRN0vlYTshs-c,Corima,"3 Allen St, New York, NY 10002, EE. UU.",1.000,https://maps.google.com/?cid=16695724782521764663&g_mp=Cidnb29nbGUubWFwcy5wbGFjZXMudjEuUGxhY2VzLlNlYXJjaFRleHQQAhgEIAA
cosme-restaurant,Cosme,Lima,Cosme Lima Peru,ChIJFwC6XkfIBZERnBz9ewLyAvk,Cosme Restaurante y Bar,"Av. Tudela y Varela 160-162, San Isidro 15073, Perú",0.614,https://maps.google.com/?cid=17943169957881519260&g_mp=Cidnb29nbGUubWFwcy5wbGFjZXMudjEuUGxhY2VzLlNlYXJjaFRleHQQAhgEIAA
cosmo-pony-2,Cosmo Pony,Jakarta,Cosmo Pony Jakarta Indonesia,ChIJ6bzZjWv1aS4RV6C4bJr9QP8,Cosmo Pony,"Grand Hyatt Jakarta, Jl. M.H. Thamrin No.Kav. 28-30 4th floor, RT.9/RW.5, Gondangdia, Kec. Menteng, Jakarta, Daerah Khusus Ibukota Jakarta 10350, Indonesia",0.750,https://maps.google.com/?cid=18392979717871935575&g_mp=Cidnb29nbGUubWFwcy5wbGFjZXMudjEuUGxhY2VzLlNlYXJjaFRleHQQAhgEIAA
crizia-restaurant,Crizia,Buenos Aires,Crizia Buenos Aires Buenos Aires,ChIJ02MiFom1vJURSNqKehH_raQ,Crizia Restaurante,"Fitz Roy 1819, C1414 Cdad. Autónoma de Buenos Aires, Argentina",1.000,https://maps.google.com/?cid=11866421043726572104&g_mp=Cidnb29nbGUubWFwcy5wbGFjZXMudjEuUGxhY2VzLlNlYXJjaFRleHQQAhgEIAA
crony-restaurant-2,Crony,Tokyo,Crony Tokyo Japan,ChIJz29nSWWLGGARQibtSAIQLP0,Crony,"1-chōme-20-3 Higashiazabu, Minato City, Tokyo 106-0044, Japón",0.750,https://maps.google.com/?cid=18242973792570517058&g_mp=Cidnb29nbGUubWFwcy5wbGFjZXMudjEuUGxhY2VzLlNlYXJjaFRleHQQAhgEIAA
cure,Cure,New Orleans,Cure New Orleans United States,ChIJuwqeNamlIIYRiCYSjKciG5c,Cure,"4905 Freret St, New Orleans, LA 70115, EE. UU.",1.000,https://maps.google.com/?cid=10888334627103188616&g_mp=Cidnb29nbGUubWFwcy5wbGFjZXMudjEuUGxhY2VzLlNlYXJjaFRleHQQAhgEIAA
daisy-margarita-bar,Daisy Margarita Bar,Los Angeles,Daisy Margarita Bar Los Angeles United States,ChIJl1aEKvKXwoARF2q3tK3Pm-s,Daisy,"14633 Ventura Blvd, Sherman Oaks, CA 91403, EE. UU.",0.639,https://maps.google.com/?cid=16977391565271427607&g_mp=Cidnb29nbGUubWFwcy5wbGFjZXMudjEuUGxhY2VzLlNlYXJjaFRleHQQAhgEIAA
dakar-nola-restaurant-2,Dakar NOLA,New Orleans,Dakar NOLA New Orleans LA 70118,ChIJrZTdR6ylIIYRE3vWwDQt90M,Dakar NOLA,"937 Leonidas St, New Orleans, LA 70118, EE. UU.",0.875,https://maps.google.com/?cid=4897432824385534739&g_mp=Cidnb29nbGUubWFwcy5wbGFjZXMudjEuUGxhY2VzLlNlYXJjaFRleHQQAhgEIAA
danico-2,Danico,Paris,Danico Paris France,ChIJP-sdWztu5kcRmKJqBJVhzfw,Danico,"6 Rue Vivienne, 75002 Paris, Francia",1.000,https://maps.google.com/?cid=18216323360435643032&g_mp=Cidnb29nbGUubWFwcy5wbGFjZXMudjEuUGxhY2VzLlNlYXJjaFRleHQQAhgEIAA
demo-magnolia-restaurant,Demo Magnolia,Santiago,Demo Magnolia Santiago Chile,ChIJ95ZGBQDFYpYRvoy8ZD6OeWw,Demo Magnolia,"Huérfanos 539, 8320150 Santiago, Región Metropolitana, Chile",0.925,https://maps.google.com/?cid=7816435026907401406&g_mp=Cidnb29nbGUubWFwcy5wbGFjZXMudjEuUGxhY2VzLlNlYXJjaFRleHQQAhgEIAA
diac-c3-a1-restaurant,Diacá,Guatemala City,Diacá Guatemala City Camra de La Construcción,ChIJldoaAkGjiYURS754uYphYKI,Diacá Restaurante,"Km.7, Cámara Guatemalteca de la Construcción Colonia el Prado, Carr. Antigua al Salvador, Cdad. de Guatemala, Guatemala",0.675,https://maps.google.com/?cid=11700459080353627723&g_mp=Cidnb29nbGUubWFwcy5wbGFjZXMudjEuUGxhY2VzLlNlYXJjaFRleHQQAhgEIAA
dianes-place-restaurant-2,Diane's Place,Minneapolis,Diane's Place Minneapolis United States,ChIJ-QOCaQAzs1IRuQH66gGRBEw,Diane's Place,"117 14th Ave NE, Minneapolis, MN 55413, EE. UU.",1.000,https://maps.google.com/?cid=5477662484212613561&g_mp=Cidnb29nbGUubWFwcy5wbGFjZXMudjEuUGxhY2VzLlNlYXJjaFRleHQQAhgEIAA
diverxo-restaurant-2,Diverxo,Madrid,Diverxo Madrid Spain,ChIJfUIagAMpQg0RRYLx9K82nJc,DiverXO,"NH Eurobuilding, C. del Padre Damián, 23, Chamartín, 28036 Madrid, España",1.000,https://maps.google.com/?cid=10924666925450625605&g_mp=Cidnb29nbGUubWFwcy5wbGFjZXMudjEuUGxhY2VzLlNlYXJjaFRleHQQAhgEIAA
dogon-restaurant-2,Dōgon by Kwame Onwuachi,Washington DC,Dōgon by Kwame Onwuachi Washington DC United States,ChIJtVoQBpi3t4kRTdYswbsDnaA,Dōgon by Kwame Onwuachi,"1330 Maryland Ave SW, Washington, DC 20024, EE. UU.",0.875,https://maps.google.com/?cid=11573410722346751565&g_mp=Cidnb29nbGUubWFwcy5wbGFjZXMudjEuUGxhY2VzLlNlYXJjaFRleHQQAhgEIAA
don-restaurant-2,Don Julio,Buenos Aires,Don Julio Buenos Aires Argentina,ChIJoYl36oa1vJURWWhqD9z3UV8,Don Julio,"Guatemala 4699, C1425 Cdad. Autónoma de Buenos Aires, Argentina",1.000,https://maps.google.com/?cid=6868543431240214617&g_mp=Cidnb29nbGUubWFwcy5wbGFjZXMudjEuUGxhY2VzLlNlYXJjaFRleHQQAhgEIAA
double-chicken-please-3,Double Chicken Please,New York,Double Chicken Please New York USA,ChIJI25hF09ZwokRnmmiXXONRf4,Double Chicken Please,"115 Allen St, New York, NY 10002, EE. UU.",1.000,https://maps.google.com/?cid=18322206185658411422&g_mp=Cidnb29nbGUubWFwcy5wbGFjZXMudjEuUGxhY2VzLlNlYXJjaFRleHQQAhgEIAA
drink-kong-2,Drink Kong,Rome,Drink Kong Rome Italy,ChIJf3VE-7xhLxMRnMf_uACwlXc,Drink Kong,"Piazza di S. Martino Ai Monti, 8, 00184 Roma RM, Italia",0.800,https://maps.google.com/?cid=8616986979193571228&g_mp=Cidnb29nbGUubWFwcy5wbGFjZXMudjEuUGxhY2VzLlNlYXJjaFRleHQQAhgEIAA
dry-wave-cocktail-studio-2,Dry Wave Cocktail Studio,Bangkok,Dry Wave Cocktail Studio Bangkok,ChIJYRzUEACf4jAR5YxPdMHC300,Dry Wave Cocktail Studio,"SODALITY 2nd Floor, 263 Soi Thong Lo 13, Khwaeng Khlong Tan Nuea, Watthana, Krung Thep Maha Nakhon 10110, Tailandia",0.800,https://maps.google.com/?cid=5611417796862774501&g_mp=Cidnb29nbGUubWFwcy5wbGFjZXMudjEuUGxhY2VzLlNlYXJjaFRleHQQAhgEIAA
eatanic-garden-restaurant-2,Eatanic Garden,Seoul,Eatanic Garden Seoul South Korea 06142,ChIJKWHZw3alfDUR5A5F61Oqj5I,"Eatanic Garden, Josun Palace","조선 팰리스(센터필드 웨스트 타워 231, 테헤란로 강남구 서울특별시 Corea del Sur",0.639,https://maps.google.com/?cid=10560846928613281508&g_mp=Cidnb29nbGUubWFwcy5wbGFjZXMudjEuUGxhY2VzLlNlYXJjaFRleHQQAhgEIAA
edulis-restaurant-2,Edulis,Toronto,Edulis Toronto Ontario,ChIJFeOAJx41K4gROrzCzqa777M,Edulis Restaurant,"169 Niagara St, Toronto, ON M5V 1C9, Canadá",1.000,https://maps.google.com/?cid=12965788177330781242&g_mp=Cidnb29nbGUubWFwcy5wbGFjZXMudjEuUGxhY2VzLlNlYXJjaFRleHQQAhgEIAA
eight-restaurant-2,Eight,Calgary,Eight Calgary Canada,ChIJ4Y2DRJplcVMRgVmTiW0G-kg,EIGHT,"631 Confluence Way SE, Calgary, AB T2G 1C3, Canadá",0.750,https://maps.google.com/?cid=5258522582437812609&g_mp=Cidnb29nbGUubWFwcy5wbGFjZXMudjEuUGxhY2VzLlNlYXJjaFRleHQQAhgEIAA
el-chato-restaurant,El Chato,Bogotá,El Chato Bogotá Colombia,ChIJQclc-kSaP44RJgBygHivOB4,El Chato,"Cl. 65 #4-76, Chapinero, Alto, Bogotá, Colombia",1.000,https://maps.google.com/?cid=2177683351919525926&g_mp=Cidnb29nbGUubWFwcy5wbGFjZXMudjEuUGxhY2VzLlNlYXJjaFRleHQQAhgEIAA
el-gallo-altanero,El Gallo Altanero,Guadalajara,El Gallo Altanero Guadalajara 44160,ChIJ4TCrjA-uKIQRvlMaf5sUoCk,El Gallo Altanero,"Calle Marsella 126, Col Americana, Lafayette, 44160 Guadalajara, Jal., México",0.750,https://maps.google.com/?cid=2999420009913668542&g_mp=Cidnb29nbGUubWFwcy5wbGFjZXMudjEuUGxhY2VzLlNlYXJjaFRleHQQAhgEIAA
el-mercado-restaurant,El Mercado,Buenos Aires,El Mercado Buenos Aires C1107CMB,ChIJJwVtBEM1o5URrZHvlW9Bqdk,El Mercado,"Martha Salotti 445 Faena, C1107 Cdad. Autónoma de Buenos Aires, Argentina",0.750,https://maps.google.com/?cid=15684139124807143853&g_mp=Cidnb29nbGUubWFwcy5wbGFjZXMudjEuUGxhY2VzLlNlYXJjaFRleHQQAhgEIAA
el-preferido-de-palermo-restaurant,El Preferido de Palermo,Buenos Aires,El Preferido de Palermo Buenos Aires Argentina,ChIJRazshIa1vJURczNt-pu4coU,El Preferido de Palermo,"Jorge Luis Borges 2108, C1425FFD Cdad. Autónoma de Buenos Aires, Argentina",1.000,https://maps.google.com/?cid=9615951134450332531&g_mp=Cidnb29nbGUubWFwcy5wbGFjZXMudjEuUGxhY2VzLlNlYXJjaFRleHQQAhgEIAA
elkano-restaurant-2,Elkano,Getaria,Elkano Getaria Spain,ChIJH9GgGaLIUQ0RhEde7VfKpQI,Elkano,"Herrerieta Kalea, 2, 20808 Getaria, Gipuzkoa, España",0.850,https://maps.google.com/?cid=190781038226458500&g_mp=Cidnb29nbGUubWFwcy5wbGFjZXMudjEuUGxhY2VzLlNlYXJjaFRleHQQAhgEIAA
emerils-restaurant-2,Emeril's,New Orleans,Emeril's New Orleans United States,ChIJp6mGj3GmIIYRfS0qjpoGsmo,Emeril's,"800 Tchoupitoulas St, New Orleans, LA 70130, EE. UU.",1.000,https://maps.google.com/?cid=7688214774754717053&g_mp=Cidnb29nbGUubWFwcy5wbGFjZXMudjEuUGxhY2VzLlNlYXJjaFRleHQQAhgEIAA
employees-only,Employees Only,New York,Employees Only New York United States,ChIJLztrVJNZwokRTmcQJheGNR4,Solo Empleados,"510 Hudson St, New York, NY 10014, EE. UU.",0.550,https://maps.google.com/?cid=2176793428884481870&g_mp=Cidnb29nbGUubWFwcy5wbGFjZXMudjEuUGxhY2VzLlNlYXJjaFRleHQQAhgEIAA
enigma-restaurant-2,Enigma,Barcelona,Enigma Barcelona 8015,ChIJA6vUunyipBIRMtoRD_vIbII,Restaurante Enigma,"Carrer de Sepúlveda, 38, 40, Eixample, 08015 Barcelona, España",1.000,https://maps.google.com/?cid=9398107503030557234&g_mp=Cidnb29nbGUubWFwcy5wbGFjZXMudjEuUGxhY2VzLlNlYXJjaFRleHQQAhgEIAA
estro-restaurant-2,Estro,Hong Kong,Estro Hong Kong Hong Kong,ChIJUVwefskBBDQRLp-GyShVfyA,Estro,"2/F, 1 Duddell St, Central, Hong Kong",1.000,https://maps.google.com/?cid=2341683964924043054&g_mp=Cidnb29nbGUubWFwcy5wbGFjZXMudjEuUGxhY2VzLlNlYXJjaFRleHQQAhgEIAA
evvai-restaurant,Evvai,São Paulo,Evvai São Paulo Brazil,ChIJ15xqwHlXzpQR-wSlgx8ckJM,Evvai Restaurant,"R. Joaquim Antunes, 108 - Pinheiros, São Paulo - SP, 05415-000, Brasil",1.000,https://maps.google.com/?cid=10633029641899934971&g_mp=Cidnb29nbGUubWFwcy5wbGFjZXMudjEuUGxhY2VzLlNlYXJjaFRleHQQAhgEIAA
fauna-restaurant,Fauna,Valle de Guadalupe,Fauna Valle de Guadalupe Mexico,ChIJf14DZSH62IARNQugvhGUxCU,Fauna,"México 3 km #73, 22760 Francisco Zarco, B.C., México",0.650,https://maps.google.com/?cid=2721462878772136757&g_mp=Cidnb29nbGUubWFwcy5wbGFjZXMudjEuUGxhY2VzLlNlYXJjaFRleHQQAhgEIAA
florilege-restaurant-3,Florilège,Tokyo,Florilège Tokyo 5 Chome−10−7,ChIJhU8r4Ba6JhUR2uFksk0mpCg,Florilège,"Japón, 〒105-0001 Tokyo, Minato City, Toranomon, 5-chōme−10−７ 麻布台ヒルズ ガーデンプラザD 2F",0.875,https://maps.google.com/?cid=2928507772844958170&g_mp=Cidnb29nbGUubWFwcy5wbGFjZXMudjEuUGxhY2VzLlNlYXJjaFRleHQQAhgEIAA
form-matter,Form + Matter,Mexico City,Form + Matter Mexico City Mexico,ChIJI_To_Iv_0YURznIW5r9HzjU,FORM + MATTER (FO+MA),"San Luis Potosí 37, Roma Nte., Cuauhtémoc, 06700 Ciudad de México, CDMX, México",0.864,https://maps.google.com/?cid=3877115218737132238&g_mp=Cidnb29nbGUubWFwcy5wbGFjZXMudjEuUGxhY2VzLlNlYXJjaFRleHQQAhgEIAA
frantzen-restaurant-2,Frantzén,Stockholm,Frantzén Stockholm Sweden,ChIJhwomM2edX0YR9gW2q53gJRg,Frantzén,"Klara Norra kyrkogata 26, 111 22 Stockholm, Suecia",1.000,https://maps.google.com/?cid=1740043798843885046&g_mp=Cidnb29nbGUubWFwcy5wbGFjZXMudjEuUGxhY2VzLlNlYXJjaFRleHQQAhgEIAA
friday-saturday-sunday-restaurant-2,Friday Saturday Sunday,Philadelphia,Friday Saturday Sunday Philadelphia United States,ChIJf7rSRDjGxokR1cJYp_u6uv8,Friday Saturday Sunday,"261 S 21st St, Philadelphia, PA 19103, EE. UU.",1.000,https://maps.google.com/?cid=18427246415346975445&g_mp=Cidnb29nbGUubWFwcy5wbGFjZXMudjEuUGxhY2VzLlNlYXJjaFRleHQQAhgEIAA
fu-he-hui-restaurant-2,Fu He Hui,Shanghai,Fu He Hui Shanghai Shanghai,ChIJNZenaONlsjURk5lrxUnMSZU,Fu He Hui,"1037 Yu Yuan Lu, Chang Ning Qu, Shang Hai Shi, China, 200085",0.550,https://maps.google.com/?cid=10757353802167982483&g_mp=Cidnb29nbGUubWFwcy5wbGFjZXMudjEuUGxhY2VzLlNlYXJjaFRleHQQAhgEIAA
god-bangkok-2,G.O.D,Bangkok,G.O.D Bangkok Bangkok 10100,ChIJY4HIOuOZ4jAR8Wf54456kNg,G.O.D (Genius.On.Dr*gs),"25, 27 Soi Rammaitree, Khwaeng Pom Prap, Khet Pom Prap Sattru Phai, Krung Thep Maha Nakhon 10100, Tailandia",0.514,https://maps.google.com/?cid=15605107462967486449&g_mp=Cidnb29nbGUubWFwcy5wbGFjZXMudjEuUGxhY2VzLlNlYXJjaFRleHQQAhgEIAA
gaggan-restaurant-3,Gaggan,Bangkok,Gaggan Bangkok Thailand,ChIJi_nHcf-f4jARAI6VOXH0wII,Gaggan,"68 Sukhumvit 31, Khwaeng Khlong Tan Nuea, Watthana, Krung Thep Maha Nakhon 10110, Tailandia",0.800,https://maps.google.com/?cid=9421799187593661952&g_mp=Cidnb29nbGUubWFwcy5wbGFjZXMudjEuUGxhY2VzLlNlYXJjaFRleHQQAhgEIAA
gaggan-at-louis-vuitton-restaurant-2,Gaggan at Louis Vuitton,Bangkok,Gaggan at Louis Vuitton Bangkok Thailand,ChIJq9HSntuf4jARTUCyz3WhgxE,LV The Place Bangkok - Gaggan at Louis Vuitton,"Unit 2F-S01-B, Second Floor, Unit A, 5th Floor Gaysorn Amarin, 502 ถนน เพลินจิต แขวงลุมพินี เขตปทุมวัน กรุงเทพมหานคร 10330, Tailandia",0.514,https://maps.google.com/?cid=1262029847961681997&g_mp=Cidnb29nbGUubWFwcy5wbGFjZXMudjEuUGxhY2VzLlNlYXJjaFRleHQQAhgEIAA
gokan-2,Gokan,Hong Kong,Gokan Hong Kong Hong Kong,ChIJR5ZeewABBDQRSqwvf8DTOxY,GOKAN,"30 Ice House St, Central, Hong Kong",1.000,https://maps.google.com/?cid=1602106916181355594&g_mp=Cidnb29nbGUubWFwcy5wbGFjZXMudjEuUGxhY2VzLlNlYXJjaFRleHQQAhgEIAA
gramercy-tavern-restaurant-2,Gramercy Tavern,New York,Gramercy Tavern New York United States,ChIJvSQIgqFZwokRFYQbJdzceSs,Gramercy Tavern,"42 E 20th St, New York, NY 10003, EE. UU.",1.000,https://maps.google.com/?cid=3132777853886366741&g_mp=Cidnb29nbGUubWFwcy5wbGFjZXMudjEuUGxhY2VzLlNlYXJjaFRleHQQAhgEIAA
gus-sip-dip,Gus' Sip & Dip,Chicago,Gus' Sip & Dip Chicago United States,ChIJafbdjLEsDogRbvlpF3IWJqM,Gus' Sip & Dip,"51 W Hubbard St Ste 100, Chicago, IL 60654, EE. UU.",1.000,https://maps.google.com/?cid=11756108556572162414&g_mp=Cidnb29nbGUubWFwcy5wbGFjZXMudjEuUGxhY2VzLlNlYXJjaFRleHQQAhgEIAA
handshake-speakeasy-3,Handshake Speakeasy,Mexico City,Handshake Speakeasy Mexico City Mexico,ChIJU_vg0kID0oUR37k2I3XazcM,Handshake Speakeasy,"C. Amberes 65, Juárez, Cuauhtémoc, 06600 Ciudad de México, CDMX, México",0.875,https://maps.google.com/?cid=14109173404258449887&g_mp=Cidnb29nbGUubWFwcy5wbGFjZXMudjEuUGxhY2VzLlNlYXJjaFRleHQQAhgEIAA
himkok-2,Himkok,Oslo,Himkok Oslo Norway,ChIJUyV7KGJuQUYRohEJQ-fnslw,HIMKOK Storgata Destilleri,"Storgata 27, 0184 Oslo, Noruega",0.964,https://maps.google.com/?cid=6679656177791996322&g_mp=Cidnb29nbGUubWFwcy5wbGFjZXMudjEuUGxhY2VzLlNlYXJjaFRleHQQAhgEIAA
holbox-restaurant-2,Holbox,Los Angeles,Holbox Los Angeles United States,ChIJMc9-jgrIwoARvFaE32ZlJzA,Holbox,"3655 S Grand Ave c9, Los Angeles, CA 90007, EE. UU.",1.000,https://maps.google.com/?cid=3469853530423318204&g_mp=Cidnb29nbGUubWFwcy5wbGFjZXMudjEuUGxhY2VzLlNlYXJjaFRleHQQAhgEIAA
hope-sesame-2,Hope & Sesame,Guangzhou,Hope & Sesame Guangzhou Guangzhou,ChIJA_Sdg-L4AjQRXvUCjqjTJ7s,Hope,"China, Guang Dong Sheng, Guang Zhou Shi, Yue Xiu Qu, Zhan Qian Lu, 站前路广州地一大道亚洲首席地下服装展贸中心时尚女装街D区D50-1 邮政编码: 510010",0.619,https://maps.google.com/?cid=13485980330074764638&g_mp=Cidnb29nbGUubWFwcy5wbGFjZXMudjEuUGxhY2VzLlNlYXJjaFRleHQQAhgEIAA
humo-negro-restaurant,Humo Negro,Bogotá,Humo Negro Bogotá Colombia,ChIJJTHLru-bP44R2ZY-9uplUfQ,Humo Negro,"Cra. 5 #56-06, Chapinero, Bogotá, Colombia",0.750,https://maps.google.com/?cid=17604964478196029145&g_mp=Cidnb29nbGUubWFwcy5wbGFjZXMudjEuUGxhY2VzLlNlYXJjaFRleHQQAhgEIAA
huniik-restaurant,Huniik,Mérida,Huniik Mérida Mexico,ChIJG_gayOp2Vo8R7ZP4TYIkEDc,Huniik,"C. 60 415-B, entre Calle 45 y Calle 47, Parque Santa Ana, Centro, 97000 Mérida, Yuc., México",1.000,https://maps.google.com/?cid=3967711413785891821&g_mp=Cidnb29nbGUubWFwcy5wbGFjZXMudjEuUGxhY2VzLlNlYXJjaFRleHQQAhgEIAA
ikoyi-restaurant-2,Ikoyi,London,Ikoyi London UK,ChIJkw2CZtEEdkgRgiNBxbdniHE,Ikoyi Restaurant,"180 Strand, Temple, London WC2R 1EA, Reino Unido",1.000,https://maps.google.com/?cid=8180902762104562562&g_mp=Cidnb29nbGUubWFwcy5wbGFjZXMudjEuUGxhY2VzLlNlYXJjaFRleHQQAhgEIAA
restaurant-jan-restaurant-2,Jan,Munich,Jan Munich Germany,ChIJrW8egwN1nkcRcSAVCJYQpZY,Restaurant JAN - Jan Hartwig,"Luisenstraße 27, 80333 München-Maxvorstadt, Alemania",0.764,https://maps.google.com/?cid=10855100713413189745&g_mp=Cidnb29nbGUubWFwcy5wbGFjZXMudjEuUGxhY2VzLlNlYXJjaFRleHQQAhgEIAA
jewel-of-the-south-3,Jewel of the South,New Orleans,Jewel of the South New Orleans USA,ChIJMwXLyuCnIIYRlJ9qpEg6tpI,Jewel of the South,"1026 St Louis St, New Orleans, LA 70112, EE. UU.",1.000,https://maps.google.com/?cid=10571701258969325460&g_mp=Cidnb29nbGUubWFwcy5wbGFjZXMudjEuUGxhY2VzLlNlYXJjaFRleHQQAhgEIAA
jigger-pony-3,Jigger & Pony,Singapore,Jigger & Pony Singapore Singapore 088539,ChIJ36AdBg0Z2jERvFl0QFoqZ0E,Jigger & Pony,"165 Tg Pagar Rd, Amara Hotel, Singapur 088539",0.675,https://maps.google.com/?cid=4712782102183303612&g_mp=Cidnb29nbGUubWFwcy5wbGFjZXMudjEuUGxhY2VzLlNlYXJjaFRleHQQAhgEIAA
jl-studio-restaurant-2,JL Studio,Taichung,JL Studio Taichung 408,ChIJUT2sqN09aTQR4phfxm0VW4I,Yu Yue Lou,"No. 783號, Section 2, Gongyi Rd, Xinsheng Village, Nantun District, Taichung City, Taiwán 408",0.550,https://maps.google.com/?cid=9393125009035073762&g_mp=Cidnb29nbGUubWFwcy5wbGFjZXMudjEuUGxhY2VzLlNlYXJjaFRleHQQAhgEIAA
julia-restaurant,Julia,Buenos Aires,Julia Buenos Aires Argentina,ChIJMZMCq4y1vJURRfysuSq4vCA,Julia Restaurante,"Loyola 807, C1414 C1414AUQ, Cdad. Autónoma de Buenos Aires, Argentina",0.750,https://maps.google.com/?cid=2358962798478556229&g_mp=Cidnb29nbGUubWFwcy5wbGFjZXMudjEuUGxhY2VzLlNlYXJjaFRleHQQAhgEIAA
june-on-cambie,June on Cambie,Vancouver,June on Cambie Vancouver Canada,ChIJGYNWIABzhlQRC3D1tp-SbTA,June,"3305 Cambie St., Vancouver, BC V5Z 2W6, Canadá",0.714,https://maps.google.com/?cid=3489606500948996107&g_mp=Cidnb29nbGUubWFwcy5wbGFjZXMudjEuUGxhY2VzLlNlYXJjaFRleHQQAhgEIAA
jungsik-restaurant-2,Jungsik,New York,Jungsik New York United States,ChIJpSTN0R9awokRI29rK_SfbeA,Jungsik,"2 Harrison St, New York, NY 10013, EE. UU.",1.000,https://maps.google.com/?cid=16171757708006616867&g_mp=Cidnb29nbGUubWFwcy5wbGFjZXMudjEuUGxhY2VzLlNlYXJjaFRleHQQAhgEIAA
kabawa-restaurant-2,Kabawa,New York,Kabawa New York United States,ChIJ685zLlZZwokRiEoiYj-Iyvg,Kabawa,"8 Extra Pl, New York, NY 10003, EE. UU.",1.000,https://maps.google.com/?cid=17927291072512412296&g_mp=Cidnb29nbGUubWFwcy5wbGFjZXMudjEuUGxhY2VzLlNlYXJjaFRleHQQAhgEIAA
kadeau-restaurant-2,Kadeau,Copenhagen,Kadeau Copenhagen 1408 København,ChIJ1Y52MZlTUkYRuDl4FNhYh_U,Kadeau København,"Wildersgade 10B, 1408 København, Dinamarca",0.864,https://maps.google.com/?cid=17692207346227886520&g_mp=Cidnb29nbGUubWFwcy5wbGFjZXMudjEuUGxhY2VzLlNlYXJjaFRleHQQAhgEIAA
kaito-del-valle,Kaito del Valle,Mexico City,Kaito del Valle Mexico City 06600,ChIJ4QgDEKT_0YURJPINUbbCOhA,Kaito del Valle,"Hamburgo 70B, Juárez, Cuauhtémoc, 06600 Ciudad de México, CDMX, México",0.775,https://maps.google.com/?cid=1169461141555769892&g_mp=Cidnb29nbGUubWFwcy5wbGFjZXMudjEuUGxhY2VzLlNlYXJjaFRleHQQAhgEIAA
kalaya-restaurant-2,Kalaya,Philadelphia,Kalaya Philadelphia United States,ChIJLcLGB3jHxokRtTTgXtRPs34,Kalaya,"4 W Palmer St, Philadelphia, PA 19125, EE. UU.",1.000,https://maps.google.com/?cid=9129728643153540277&g_mp=Cidnb29nbGUubWFwcy5wbGFjZXMudjEuUGxhY2VzLlNlYXJjaFRleHQQAhgEIAA
karai-by-mitsuharu-restaurant,Karai by Mitsuharu,Santiago,Karai by Mitsuharu Santiago Chile 7550653,ChIJg6KrmdzPYpYRu4xCbkO7oV4,Karai by Mitsuharu,"W Santiago - Isidora Goyenechea 3000, piso 4, 7550000 Las Condes, Región Metropolitana, Chile",0.875,https://maps.google.com/?cid=6818937209102699707&g_mp=Cidnb29nbGUubWFwcy5wbGFjZXMudjEuUGxhY2VzLlNlYXJjaFRleHQQAhgEIAA
kato-restaurant-2,Kato,Los Angeles,Kato Los Angeles United States,ChIJnd0gSmi7woARCdXsW5usqKU,Kato Restaurant,"777 S Alameda St Bldg 1, Suite 114, Los Angeles, CA 90021, EE. UU.",1.000,https://maps.google.com/?cid=11936980595607655689&g_mp=Cidnb29nbGUubWFwcy5wbGFjZXMudjEuUGxhY2VzLlNlYXJjaFRleHQQAhgEIAA
kjolle-restaurant-3,Kjolle,Lima,Kjolle Lima Peru,ChIJr1L1USC3BZEREp0Z1sp3AeU,Kjolle,"Av. Pedro de Osma 301, Barranco 15063, Perú",0.650,https://maps.google.com/?cid=16501602222721309970&g_mp=Cidnb29nbGUubWFwcy5wbGFjZXMudjEuUGxhY2VzLlNlYXJjaFRleHQQAhgEIAA
kol-restaurant-2,Kol,London,Kol London UK,ChIJvfnOCgUbdkgR3FvbixhS2cw,KOL,"9 Seymour St, London W1H 7BA, Reino Unido",1.000,https://maps.google.com/?cid=14760919519062612956&g_mp=Cidnb29nbGUubWFwcy5wbGFjZXMudjEuUGxhY2VzLlNlYXJjaFRleHQQAhgEIAA
kumiko,Kumiko,Chicago,Kumiko Chicago 60661,ChIJVVVFV88sDogRIs6NMpEi61s,Kumiko,"630 W Lake St, Chicago, IL 60661, EE. UU.",1.000,https://maps.google.com/?cid=6623425683992202786&g_mp=Cidnb29nbGUubWFwcy5wbGFjZXMudjEuUGxhY2VzLlNlYXJjaFRleHQQAhgEIAA
la-bourriche-133-restaurant-2,La Bourriche 133,Shanghai,La Bourriche 133 Shanghai China,,,,0,
la-cime-restaurant-3,La Cime,Osaka,La Cime Osaka Japan,ChIJJQbuz-HmAGARlT3utlf3bPA,La Cime,"3-chōme-2-15 Kawaramachi, Chuo Ward, Osaka, 541-0048, Japón",0.750,https://maps.google.com/?cid=17324493822690737557&g_mp=Cidnb29nbGUubWFwcy5wbGFjZXMudjEuUGxhY2VzLlNlYXJjaFRleHQQAhgEIAA
la-factoria,La Factoría,San Juan,La Factoría San Juan 00901,ChIJc9aTvp5oA4wRiQJndEa2cVg,La Factoría,"51 C. de San José, San Juan, 00901, Puerto Rico",1.000,https://maps.google.com/?cid=6373075361422836361&g_mp=Cidnb29nbGUubWFwcy5wbGFjZXMudjEuUGxhY2VzLlNlYXJjaFRleHQQAhgEIAA
la-mar-restaurant,La Mar,Lima,La Mar Lima Peru,ChIJZdYsWjfIBZERGsmTqMbsqDk,La Mar Restaurante,"Av. Mariscal La Mar 770, Miraflores 15074, Perú",0.650,https://maps.google.com/?cid=4154830994225219866&g_mp=Cidnb29nbGUubWFwcy5wbGFjZXMudjEuUGxhY2VzLlNlYXJjaFRleHQQAhgEIAA
labyrinth-restaurant-2,Labyrinth,Singapore,Labyrinth Singapore 039802,ChIJj99Fo3IZ2jERFIUg_m-VhO8,Restaurant Labyrinth,"8 Raffles Ave., #02 - 23, Singapur 039802",0.900,https://maps.google.com/?cid=17259083980228035860&g_mp=Cidnb29nbGUubWFwcy5wbGFjZXMudjEuUGxhY2VzLlNlYXJjaFRleHQQAhgEIAA
lady-bee-2,Lady Bee,Lima,Lady Bee Lima Peru,ChIJs8cSpRzJBZERvexurL1NP1M,Lady Bee,"Av. Pedro de Osma 205, Barranco 15063, Perú",0.650,https://maps.google.com/?cid=5998598705717898429&g_mp=Cidnb29nbGUubWFwcy5wbGFjZXMudjEuUGxhY2VzLlNlYXJjaFRleHQQAhgEIAA
lair-2,Lair,New Delhi,Lair New Delhi,ChIJgfIO3HMdDTkRAqK7duu2p30,Lair,"15, market, Basant Lok, Vasant Vihar, New Delhi, Delhi 110057, India",0.875,https://maps.google.com/?cid=9054406698277249538&g_mp=Cidnb29nbGUubWFwcy5wbGFjZXMudjEuUGxhY2VzLlNlYXJjaFRleHQQAhgEIAA
lamdre-restaurant-2,Lamdre,Beijing,Lamdre Beijing Beijing,ChIJ70Cq9ydT8DURzI5CXNSqoQ8,Little Yunnan,"China, Bei Jing Shi, Dong Cheng Qu, 东皇城根北街28号 邮政编码: 100009",0.100,https://maps.google.com/?cid=1126369210876989132&g_mp=Cidnb29nbGUubWFwcy5wbGFjZXMudjEuUGxhY2VzLlNlYXJjaFRleHQQAhgEIAA
lamp-bar-2,Lamp Bar,Nara,Lamp Bar Nara Japan,ChIJ68mQxSk6AWARxcziBW9XXqQ,LAMP BAR,"26 Tsunofurichō, Nara, 630-8224, Japón",1.000,https://maps.google.com/?cid=11844000204382719173&g_mp=Cidnb29nbGUubWFwcy5wbGFjZXMudjEuUGxhY2VzLlNlYXJjaFRleHQQAhgEIAA
lasai-restaurant-3,Lasai,Rio de Janeiro,Lasai Rio de Janeiro Humaitá Rio de Janeiro / RJ – 22260-210,ChIJhWl8Qd5_mQAR-xc4FQjSFaQ,Lasai Restaurante,"Largo dos Leões, 35 - Humaitá, Rio de Janeiro - RJ, 22271-020, Brasil",1.000,https://maps.google.com/?cid=11823587328888674299&g_mp=Cidnb29nbGUubWFwcy5wbGFjZXMudjEuUGxhY2VzLlNlYXJjaFRleHQQAhgEIAA
le-bernadin-restaurant-2,Le Bernardin,New York,Le Bernardin New York United States,ChIJV7QQ6kdZwokRax4615zpSGU,Le Bernardin,"155 W 51st St, New York, NY 10019, EE. UU.",1.000,https://maps.google.com/?cid=7298340055988969067&g_mp=Cidnb29nbGUubWFwcy5wbGFjZXMudjEuUGxhY2VzLlNlYXJjaFRleHQQAhgEIAA
le-calandre-restaurant-2,Le Calandre,Rubano,Le Calandre Rubano 35030 Rubano (PD),ChIJRwG9TKLZfkcRqCF9Hf_ANrk,Le Calandrе,"Via Liguria, 1, 35030 Sarmeola PD, Italia",0.764,https://maps.google.com/?cid=13346066747702976936&g_mp=Cidnb29nbGUubWFwcy5wbGFjZXMudjEuUGxhY2VzLlNlYXJjaFRleHQQAhgEIAA
le-chamber-2,Le Chamber,Seoul,Le Chamber Seoul Seoul,ChIJ639qa3ikfDURlcK_PQa7PbQ,Le Chamber,"Corea del Sur, Seoul, Gangnam District, Dosan-daero 55-gil, 42 지하 1층",1.000,https://maps.google.com/?cid=12987742535886553749&g_mp=Cidnb29nbGUubWFwcy5wbGFjZXMudjEuUGxhY2VzLlNlYXJjaFRleHQQAhgEIAA
le-du-restaurant-3,Le Du,Bangkok,Le Du Bangkok Thailand,ChIJL7-My9KY4jARzlw1ffk9vo8,Le Du,"399/3 Soi Siri Chunsawek, Si Lom, Khet Bang Rak, Krung Thep Maha Nakhon 10500, Tailandia",0.800,https://maps.google.com/?cid=10357784334755519694&g_mp=Cidnb29nbGUubWFwcy5wbGFjZXMudjEuUGxhY2VzLlNlYXJjaFRleHQQAhgEIAA
le-veau-dor-restaurant-2,Le Veau d'Or,New York,Le Veau d'Or New York United States,ChIJ8ccTf-9YwokRMrljca_idL0,Le Veau d'Or,"129 E 60th St, New York, NY 10022, EE. UU.",0.750,https://maps.google.com/?cid=13651785613616331058&g_mp=Cidnb29nbGUubWFwcy5wbGFjZXMudjEuUGxhY2VzLlNlYXJjaFRleHQQAhgEIAA
le-violon-restaurant-2,Le Violon,Montreal,Le Violon Montreal Canada,ChIJ44BODgAbyUwRXj1U9_z8nAw,Le Violon,"4720 Rue Marquette, Entrée sur, Rue Gilford, Montreal, QC H2J 3Y6, Canadá",1.000,https://maps.google.com/?cid=908879388233448798&g_mp=Cidnb29nbGUubWFwcy5wbGFjZXMudjEuUGxhY2VzLlNlYXJjaFRleHQQAhgEIAA
leo-restaurant,Leo,Bogotá,Leo Bogotá Colombia,ChIJf0x6pJuZP44RbF-3kBjiZLs,LEO,"Cl. 65 Bis #4-23, Bogotá, Colombia",0.750,https://maps.google.com/?cid=13503166177898618732&g_mp=Cidnb29nbGUubWFwcy5wbGFjZXMudjEuUGxhY2VzLlNlYXJjaFRleHQQAhgEIAA
les-amis-restaurant-2,Les Amis,Singapore,Les Amis Singapore Singapore 228208,ChIJR5yDbY0Z2jER6GcsxL56OLk,Les Amis,"1 Scotts Rd, #01 - 16 Shaw Centre, Singapore 228208",1.000,https://maps.google.com/?cid=13346552455466084328&g_mp=Cidnb29nbGUubWFwcy5wbGFjZXMudjEuUGxhY2VzLlNlYXJjaFRleHQQAhgEIAA
library-bar,Library Bar,Toronto,Library Bar Toronto Canada,ChIJe1A28Ys1K4gRqgUyNDHkh2w,LIBRARY BAR,"100 Front St W, Toronto, ON M5J 1E3, Canadá",1.000,https://maps.google.com/?cid=7820470177932379562&g_mp=Cidnb29nbGUubWFwcy5wbGFjZXMudjEuUGxhY2VzLlNlYXJjaFRleHQQAhgEIAA
library-by-the-sea,Library by the Sea,Grand Cayman,Library by the Sea Grand Cayman Cayman Islands,ChIJsSCpvAyHJY8RBLcXyyIwGhQ,Library By The Sea,"Seven Mile Beach, 60 Tanager Way, KY1-1303, Islas Caimán",0.675,https://maps.google.com/?cid=1448523156147386116&g_mp=Cidnb29nbGUubWFwcy5wbGFjZXMudjEuUGxhY2VzLlNlYXJjaFRleHQQAhgEIAA
licoreria-limantour,Licorería Limantour,Mexico City,Licorería Limantour Mexico City 06700,ChIJX03s9zr_0YURHdcjFe9hbiE,Licorería Limantour,"Av. Álvaro Obregón 106, Roma Nte., Cuauhtémoc, 06700 Ciudad de México, CDMX, México",0.900,https://maps.google.com/?cid=2408970530169542429&g_mp=Cidnb29nbGUubWFwcy5wbGFjZXMudjEuUGxhY2VzLlNlYXJjaFRleHQQAhgEIAA
lido-84-restaurant-2,Lido 84,Gardone Riviera,Lido 84 Gardone Riviera Italy,ChIJx7BJHCKMgUcRA7aurgztHrQ,Lido 84,"Corso Giuseppe Zanardelli, 196, 25083 Gardone Riviera BS, Italia",1.000,https://maps.google.com/?cid=12979071814854424067&g_mp=Cidnb29nbGUubWFwcy5wbGFjZXMudjEuUGxhY2VzLlNlYXJjaFRleHQQAhgEIAA
line-2,Line,Athens,Line Athens Greece,ChIJ13n7hoG9oRQRXHgFVrMGEGU,Line Athens,"Agathodemonos 37, Athina 118 53, Grecia",0.764,https://maps.google.com/?cid=7282327964770203740&g_mp=Cidnb29nbGUubWFwcy5wbGFjZXMudjEuUGxhY2VzLlNlYXJjaFRleHQQAhgEIAA
ling-long-restaurant-2,Ling Long,Shanghai,Ling Long Shanghai 200002 China,ChIJ5w53UVZwsjURH2N1dSP1k9I,Linglong,"China, Shang Hai Shi, Huang Pu Qu, Waitan, Zhong Shan Dong Yi Lu, 32号上海半岛酒店B1 邮政编码: 200002",0.100,https://maps.google.com/?cid=15173741102184620831&g_mp=Cidnb29nbGUubWFwcy5wbGFjZXMudjEuUGxhY2VzLlNlYXJjaFRleHQQAhgEIAA
locale-firenze-2,Locale Firenze,Florence,Locale Firenze Florence Italy,ChIJg0T1mgZUKhMRp59MjreQ_7w,Locale Firenze,"Via delle Seggiole, 12r, 50122 Firenze FI, Italia",0.800,https://maps.google.com/?cid=13618762916232470439&g_mp=Cidnb29nbGUubWFwcy5wbGFjZXMudjEuUGxhY2VzLlNlYXJjaFRleHQQAhgEIAA
locavore-nxt-restaurant-2,Locavore NXT,Ubud,Locavore NXT Ubud Bali,ChIJy91I5vg90i0RUB8xLPBXcVo,Locavore NXT,"Jl. A.A. Gede Rai Gang Pura Panti Bija, Lodtunduh, Kecamatan Ubud, Kabupaten Gianyar, Bali 80571, Indonesia",1.000,https://maps.google.com/?cid=6517086824827002704&g_mp=Cidnb29nbGUubWFwcy5wbGFjZXMudjEuUGxhY2VzLlNlYXJjaFRleHQQAhgEIAA
logy-restaurant-2,Logy,Taipei,Logy Taipei Taiwan,ChIJNWCqhOGrQjQR_4bJNRZ8uM0,logy,"114, Taiwán, Taipei City, Neihu District, Gangqian Village, Lane 258, Ruiguang Rd, 39號1F",0.750,https://maps.google.com/?cid=14823734608323512063&g_mp=Cidnb29nbGUubWFwcy5wbGFjZXMudjEuUGxhY2VzLlNlYXJjaFRleHQQAhgEIAA
maido-restaurant-2,Maido,Lima,Maido Lima Peru,ChIJObzkJx_IBZERAQaFKNwiTws,Maido,"Ca. San Martín No. 399, Miraflores 15074, Perú",0.900,https://maps.google.com/?cid=814908386545305089&g_mp=Cidnb29nbGUubWFwcy5wbGFjZXMudjEuUGxhY2VzLlNlYXJjaFRleHQQAhgEIAA
maison-premiere,Maison Premiere,New York,Maison Premiere New York United States,ChIJW_WGT2BZwokRNpvZ4k3lVcs,Maison Premiere,"298 Bedford Ave, Brooklyn, NY 11249, EE. UU.",0.800,https://maps.google.com/?cid=14651869085400931126&g_mp=Cidnb29nbGUubWFwcy5wbGFjZXMudjEuUGxhY2VzLlNlYXJjaFRleHQQAhgEIAA
maito-restaurant,Maito,Panama City,Maito Panama City Panama,ChIJOxrVAgqprI8RD5aEG4VatXA,Maito,"C. 50, Panamá, Provincia de Panamá, Panamá",0.650,https://maps.google.com/?cid=8121497030771381775&g_mp=Cidnb29nbGUubWFwcy5wbGFjZXMudjEuUGxhY2VzLlNlYXJjaFRleHQQAhgEIAA
manuel-restaurant,Manuel,Barranquilla,Manuel Barranquilla Colombia,ChIJAR8fCPkt9I4R9S42HMF_GWc,Manuel Restaurante,"Cra. 55 #74-125, Nte. Centro Historico, Barranquilla, Atlántico, Colombia",0.750,https://maps.google.com/?cid=7429109527703072501&g_mp=Cidnb29nbGUubWFwcy5wbGFjZXMudjEuUGxhY2VzLlNlYXJjaFRleHQQAhgEIAA
martinys,Martiny's,New York,Martiny's New York 10003,ChIJ_xzMHNtZwokRdVig2X11Rvk,Martiny’s,"121 E 17th St, New York, NY 10003, EE. UU.",0.750,https://maps.google.com/?cid=17962173347196328053&g_mp=Cidnb29nbGUubWFwcy5wbGFjZXMudjEuUGxhY2VzLlNlYXJjaFRleHQQAhgEIAA
masque-restaurant-2,Masque,Mumbai,Masque Mumbai Mumbai 400011,ChIJ2RdH8orO5zsR9j_YJgVbG64,Masque,"Masque, Unit G3, Shree Laxmi Woollen Mills, Shakti Mills Ln, off Doctor Elijah Moses Road, Mahalakshmi, Mumbai, Maharashtra 400018, India",1.000,https://maps.google.com/?cid=12545721264655319030&g_mp=Cidnb29nbGUubWFwcy5wbGFjZXMudjEuUGxhY2VzLlNlYXJjaFRleHQQAhgEIAA
m-c3-a1ximo-restaurant,Máximo,Mexico City,Máximo Mexico City Mexico,ChIJdw0B4zv_0YURK8xSHYwyp2E,Máximo,"Av. Álvaro Obregón 65 Bis, Roma Nte., Cuauhtémoc, 06700 Ciudad de México, CDMX, México",0.825,https://maps.google.com/?cid=7036648520158465067&g_mp=Cidnb29nbGUubWFwcy5wbGFjZXMudjEuUGxhY2VzLlNlYXJjaFRleHQQAhgEIAA
maybe-sammy-2,Maybe Sammy,Sydney,Maybe Sammy Sydney Australia,ChIJgf9Tc-CvEmsRTnNt62yljIQ,Maybe Sammy,"115 Harrington St, The Rocks NSW 2000, Australia",0.650,https://maps.google.com/?cid=9551190796970849102&g_mp=Cidnb29nbGUubWFwcy5wbGFjZXMudjEuUGxhY2VzLlNlYXJjaFRleHQQAhgEIAA
mayta-restaurant-3,Mayta,Lima,Mayta Lima Peru,ChIJqz8RPjbIBZERTyuxNQ8LNHs,MAYTA by Jaime Pesaque,"Av. Mariscal La Mar 1285, Miraflores 15027, Perú",0.864,https://maps.google.com/?cid=8877732925407308623&g_mp=Cidnb29nbGUubWFwcy5wbGFjZXMudjEuUGxhY2VzLlNlYXJjaFRleHQQAhgEIAA
maz-restaurant-2,Maz,Tokyo,Maz Tokyo 1-3 東京ガーデンテラス 3F,ChIJHbq1qLiNGGARNlnd4lieF7I,MAZ,"Japón, 〒102-0094 Tokyo, Chiyoda City, Kioichō, 1−１−３ 東京ガーデンテラス 3F",0.875,https://maps.google.com/?cid=12832899767815985462&g_mp=Cidnb29nbGUubWFwcy5wbGFjZXMudjEuUGxhY2VzLlNlYXJjaFRleHQQAhgEIAA
mecenas,Mecenas,Guadalajara,Mecenas Guadalajara Mexico,ChIJqxg5pEOvKIQRypg_iNBJd6c,Mecenas,"Av. de la Paz 2133, Col Americana, Americana, 44150 Guadalajara, Jal., México",0.925,https://maps.google.com/?cid=12067194886550427850&g_mp=Cidnb29nbGUubWFwcy5wbGFjZXMudjEuUGxhY2VzLlNlYXJjaFRleHQQAhgEIAA
meet-the-bund-restaurant-2,Meet the Bund,Shanghai,Meet the Bund Shanghai China,ChIJqYnfC-xbAjQR19ox5ZG4dkk,M on the Bund,"20 Guang Dong Lu, Waitan, Huang Pu Qu, Shang Hai Shi, China, 200002",0.313,https://maps.google.com/?cid=5293621348775615191&g_mp=Cidnb29nbGUubWFwcy5wbGFjZXMudjEuUGxhY2VzLlNlYXJjaFRleHQQAhgEIAA
mercado-24-restaurant,Mercado 24,Guatemala City,Mercado 24 Guatemala City Guatemala,ChIJ51V4rRqjiYURqDyLFc1wrNc,Mercado 24,"Via 5 2-24, Cdad. de Guatemala, Guatemala",0.900,https://maps.google.com/?cid=15540920440280792232&g_mp=Cidnb29nbGUubWFwcy5wbGFjZXMudjEuUGxhY2VzLlNlYXJjaFRleHQQAhgEIAA
merito-restaurant-2,Mérito,Lima,Mérito Lima Peru,ChIJJW2CECq3BZER0acewjEiZZ8,Mérito,"Jr, 28 De Julio 206, Barranco 15063, Perú",0.650,https://maps.google.com/?cid=11485624021783848913&g_mp=Cidnb29nbGUubWFwcy5wbGFjZXMudjEuUGxhY2VzLlNlYXJjaFRleHQQAhgEIAA
mhel-restaurant-2,Mhel,Toronto,Mhel Toronto Canada,ChIJA3NaEoU1K4gRF7_qf7mPKfY,Mhel,"276 Havelock St, Toronto, ON M6H 3B9, Canadá",0.750,https://maps.google.com/?cid=17737866634253221655&g_mp=Cidnb29nbGUubWFwcy5wbGFjZXMudjEuUGxhY2VzLlNlYXJjaFRleHQQAhgEIAA
mil-restaurant,Mil,Moray,Mil Moray Peru,ChIJ44w-0C3DbZERMiSuC6LNweo,MIL Centro - Food Lab and Interpretation Center,"Vía a Moray, Maras 08655, Perú",0.839,https://maps.google.com/?cid=16916027771244651570&g_mp=Cidnb29nbGUubWFwcy5wbGFjZXMudjEuUGxhY2VzLlNlYXJjaFRleHQQAhgEIAA
mimi-kakushi-2,Mimi Kakushi,Dubai,Mimi Kakushi Dubai UAE,ChIJj-ySLalDXz4RLvs4jx1IGfo,Mimi Kakushi,Four Seasons Resort - 23A St - Jumeirah - Jumeira Second - Dubai - Emiratos Árabes Unidos,1.000,https://maps.google.com/?cid=18021514675693878062&g_mp=Cidnb29nbGUubWFwcy5wbGFjZXMudjEuUGxhY2VzLlNlYXJjaFRleHQQAhgEIAA
mingles-restaurant-3,Mingles,Seoul,Mingles Seoul 19,ChIJjXuM24mjfDURSwmouRnxNlM,Mingles,"Corea del Sur, Seoul, Gangnam District, Dosan-daero 67-gil, 19 힐탑빌딩 2층",0.750,https://maps.google.com/?cid=5996245046681667915&g_mp=Cidnb29nbGUubWFwcy5wbGFjZXMudjEuUGxhY2VzLlNlYXJjaFRleHQQAhgEIAA
mirate,Mírate,Los Angeles,Mírate Los Angeles United States,ChIJm4eLSVPBwoARog2JIXTPCx8,Mirate,"1712 N Vermont Ave, Los Angeles, CA 90027, EE. UU.",1.000,https://maps.google.com/?cid=2237109737605369250&g_mp=Cidnb29nbGUubWFwcy5wbGFjZXMudjEuUGxhY2VzLlNlYXJjaFRleHQQAhgEIAA
mirror-bar-2,Mirror Bar,Bratislava,Mirror Bar Bratislava Slovakia,ChIJDWebZPGJbEcRFar4JUg0LkY,Mirror Bar,"Radisson Blu Carlton Hotel, Bratislava, Hviezdoslavovo námestie 3, 811 02 Bratislava-Staré Mesto, Eslovaquia",1.000,https://maps.google.com/?cid=5057036916062988821&g_mp=Cidnb29nbGUubWFwcy5wbGFjZXMudjEuUGxhY2VzLlNlYXJjaFRleHQQAhgEIAA
mo-bar-shenzhen-2,MO Bar Shenzhen,Shenzhen,MO Bar Shenzhen Shenzhen China,ChIJ6QKo7_ryAzQRV0_Z7yLgd_0,"Mo Bar - Mandarin Oriental, Shenzhen","A座, 79楼, 深业上城, 5001 Huang Gang Lu, Fu Tian Qu, Shen Zhen Shi, Guang Dong Sheng, China, 518026",0.425,https://maps.google.com/?cid=18264313254481842007&g_mp=Cidnb29nbGUubWFwcy5wbGFjZXMudjEuUGxhY2VzLlNlYXJjaFRleHQQAhgEIAA
modernhaus-2,Modernhaus,Jakarta,Modernhaus Jakarta,ChIJzzpKtgnxaS4Rv-651w8InEQ,Modernhaus,"Jl. Senopati No.79, RT.8/RW.3, Selong, Kec. Kby. Baru, Jakarta, Daerah Khusus Ibukota Jakarta 12190, Indonesia",0.875,https://maps.google.com/?cid=4943835355082780351&g_mp=Cidnb29nbGUubWFwcy5wbGFjZXMudjEuUGxhY2VzLlNlYXJjaFRleHQQAhgEIAA
moebius-milano-2,Moebius Milano,Milan,Moebius Milano Milan Italy,ChIJSVm3PfbHhkcRPeDWzSh9BS8,Moebius Milano,"Via Alfredo Cappellini, 25, 20124 Milano MI, Italia",1.000,https://maps.google.com/?cid=3388251908871741501&g_mp=Cidnb29nbGUubWFwcy5wbGFjZXMudjEuUGxhY2VzLlNlYXJjaFRleHQQAhgEIAA
mon-lapin-restaurant-2,Mon Lapin,Montreal,Mon Lapin Montreal Canada,ChIJEZybpW0ZyUwRUNE3vXSjTLU,Vin Mon Lapin,"150 Rue Saint-Zotique Est, Montréal, QC H2S 1L8, Canadá",0.964,https://maps.google.com/?cid=13063996340881051984&g_mp=Cidnb29nbGUubWFwcy5wbGFjZXMudjEuUGxhY2VzLlNlYXJjaFRleHQQAhgEIAA
mono-restaurant-2,Mono,Hong Kong,Mono Hong Kong Hong Kong,ChIJCx5dprEBBDQR0ulHVcrC7Os,MONO,"5/F, 18 On Lan St, Central, Hong Kong",1.000,https://maps.google.com/?cid=17000176867686738386&g_mp=Cidnb29nbGUubWFwcy5wbGFjZXMudjEuUGxhY2VzLlNlYXJjaFRleHQQAhgEIAA
moon-rabbit-restaurant-2,Moon Rabbit,Washington DC,Moon Rabbit Washington DC United States,ChIJ4chOq8y3t4kRcTTAVjo_JxI,Moon Rabbit by Kevin Tien,"927 F St NW, Washington, DC 20004, EE. UU.",0.964,https://maps.google.com/?cid=1308083736570508401&g_mp=Cidnb29nbGUubWFwcy5wbGFjZXMudjEuUGxhY2VzLlNlYXJjaFRleHQQAhgEIAA
moonrock-2,Moonrock,Tainan,Moonrock Tainan Taiwan 704,ChIJ0RYVUJ13bjQRHTxc4fv1wBs,Moonrock,"No. 13號, Alley 42, Lane 22, Chenggong Rd, Gongyuan Village, North District, Tainan City, Taiwán 704",0.875,https://maps.google.com/?cid=1999868696719014941&g_mp=Cidnb29nbGUubWFwcy5wbGFjZXMudjEuUGxhY2VzLlNlYXJjaFRleHQQAhgEIAA
mosu-restaurant-2,Mosu,Seoul,Mosu Seoul Seoul,ChIJJeNdcbOjfDURCzyDecCVK7o,MOSU Seoul,"4 Hoenamu-ro 41-gil, Yongsan District, Seoul, Corea del Sur",0.714,https://maps.google.com/?cid=13414980568958057483&g_mp=Cidnb29nbGUubWFwcy5wbGFjZXMudjEuUGxhY2VzLlNlYXJjaFRleHQQAhgEIAA
mother,Mother,Toronto,Mother Toronto Canada,ChIJAeETu6Q1K4gRCNiUMnRCgl0,Mother,"874 Queen St W, Toronto, ON M6J 2V1, Canadá",1.000,https://maps.google.com/?cid=6738021059331938312&g_mp=Cidnb29nbGUubWFwcy5wbGFjZXMudjEuUGxhY2VzLlNlYXJjaFRleHQQAhgEIAA
ms-maria-mr-singh-restaurant-2,Ms. Maria & Mr. Singh,Bangkok,Ms. Maria & Mr. Singh Bangkok Bangkok 10110,ChIJ3Q8xB3-f4jARKduiRnBWOuw,Ms. Maria & Mr. Singh,"68/2 สุขุมวิท 31 Khwaeng Khlong Tan Nuea, Watthana, Krung Thep Maha Nakhon 10110, Tailandia",0.650,https://maps.google.com/?cid=17022012781821614889&g_mp=Cidnb29nbGUubWFwcy5wbGFjZXMudjEuUGxhY2VzLlNlYXJjaFRleHQQAhgEIAA
myoujyaku-restaurant-2,Myoujyaku,Tokyo,Myoujyaku Tokyo 3 Chome−2−34 B1F,ChIJxxsn3a-LGGARYqb5FTmUL98,Myoujyaku,"Japón, 〒106-0031 Tokyo, Minato City, Nishiazabu, 3-chōme−2−３４ B1F",0.875,https://maps.google.com/?cid=16082235767266059874&g_mp=Cidnb29nbGUubWFwcy5wbGFjZXMudjEuUGxhY2VzLlNlYXJjaFRleHQQAhgEIAA
naar-restaurant-2,Naar,Kasauli,Naar Kasauli District Solan Himachal Pradesh 173206,ChIJT2YvUKRjBTkRICfpMSZL6fE,NAAR,"Located in Amaya, VPO, Darwa, Kasauli, Himachal Pradesh 173236, India",0.875,https://maps.google.com/?cid=17431546460132419360&g_mp=Cidnb29nbGUubWFwcy5wbGFjZXMudjEuUGxhY2VzLlNlYXJjaFRleHQQAhgEIAA
naeum-restaurant-2,Nae:Um,Singapore,Nae:Um Singapore Singapore 068615,ChIJ0zevoBEZ2jER9eYTLSlcX1Q,NAEUM Restaurant,"161 Telok Ayer St, Singapur 068615",0.225,https://maps.google.com/?cid=6079679353893152501&g_mp=Cidnb29nbGUubWFwcy5wbGFjZXMudjEuUGxhY2VzLlNlYXJjaFRleHQQAhgEIAA
narisawa-restaurant-3,Narisawa,Tokyo,Narisawa Tokyo 2 Chome−6−15,ChIJrbAVNIOMGGARXNvkApcqvng,Narisawa,"2-chōme-6-15 Minamiaoyama, Minato City, Tokyo 107-0062, Japón",0.875,https://maps.google.com/?cid=8700438358203358044&g_mp=Cidnb29nbGUubWFwcy5wbGFjZXMudjEuUGxhY2VzLlNlYXJjaFRleHQQAhgEIAA
native-2,Native,Singapore,Native Singapore Singapore 069878,ChIJeZtTZA0Z2jERd2U9vPqi2Ds,Native,"52A Amoy St, Singapore 069878",1.000,https://maps.google.com/?cid=4312375840990913911&g_mp=Cidnb29nbGUubWFwcy5wbGFjZXMudjEuUGxhY2VzLlNlYXJjaFRleHQQAhgEIAA
neighborhood-restaurant-2,Neighborhood,Hong Kong,Neighborhood Hong Kong Hong Kong,ChIJq5eqgnsABDQRAxupXLYqR4U,Neighborhood,"61 Hollywood Rd, Central, Hong Kong",1.000,https://maps.google.com/?cid=9603691693117872899&g_mp=Cidnb29nbGUubWFwcy5wbGFjZXMudjEuUGxhY2VzLlNlYXJjaFRleHQQAhgEIAA
nelita-restaurant,Nelita,São Paulo,Nelita São Paulo Brazil,ChIJxRFEFEBXzpQRHeWNJX73-4s,Nelita Restaurant,"R. Ferreira de Araújo, 330 - Pinheiros, São Paulo - SP, 05428-000, Brasil",0.750,https://maps.google.com/?cid=10086927911594353949&g_mp=Cidnb29nbGUubWFwcy5wbGFjZXMudjEuUGxhY2VzLlNlYXJjaFRleHQQAhgEIAA
nino-gordo-restaurant,Niño Gordo,Buenos Aires,Niño Gordo Buenos Aires Argentina,ChIJYRgoqYi1vJURmIm7r39sV6g,Niño Gordo,"Thames 1810, C1414DDL C1414DDL, Cdad. Autónoma de Buenos Aires, Argentina",1.000,https://maps.google.com/?cid=12130283417010669976&g_mp=Cidnb29nbGUubWFwcy5wbGFjZXMudjEuUGxhY2VzLlNlYXJjaFRleHQQAhgEIAA
nouvelle-vague-2,Nouvelle Vague,Tirana,Nouvelle Vague Tirana Albania,ChIJwUqyygMxUBMRSclrxBuvLqQ,Nouvelle Vague Tirana,"Rruga Pjetër Bogdani, Tiranë, Albania",0.839,https://maps.google.com/?cid=11830585804943247689&g_mp=Cidnb29nbGUubWFwcy5wbGFjZXMudjEuUGxhY2VzLlNlYXJjaFRleHQQAhgEIAA
nuema-restaurant,Nuema,Quito,Nuema Quito Ecuador,ChIJ8Wv4QnmZ1ZERpY0fkRPP5fE,NUEMA,"Bello Horizonte E11-12 y, 170517 Quito, Ecuador",1.000,https://maps.google.com/?cid=17430565615753465253&g_mp=Cidnb29nbGUubWFwcy5wbGFjZXMudjEuUGxhY2VzLlNlYXJjaFRleHQQAhgEIAA
nusara-restaurant-3,Nusara,Bangkok,Nusara Bangkok Thailand,ChIJe_d6d0OZ4jARL0uQgNHQRPI,Nusara,"336 Thanon Maha Rat, Khwaeng Phra Borom Maha Ratchawang, Khet Phra Nakhon, Krung Thep Maha Nakhon 10200, Tailandia",0.550,https://maps.google.com/?cid=17457307653818567471&g_mp=Cidnb29nbGUubWFwcy5wbGFjZXMudjEuUGxhY2VzLlNlYXJjaFRleHQQAhgEIAA
nutmeg-clove-3,Nutmeg & Clove,Singapore,Nutmeg & Clove Singapore Singapore,ChIJ932MOA0Z2jERl0YHLKdA6VY,Nutmeg & Clove,"8 Purvis St, Singapur 188587",0.800,https://maps.google.com/?cid=6262607843577775767&g_mp=Cidnb29nbGUubWFwcy5wbGFjZXMudjEuUGxhY2VzLlNlYXJjaFRleHQQAhgEIAA
odette-restaurant-3,Odette,Singapore,Odette Singapore Singapore 178957,ChIJbUjtT6cZ2jERJOB8kHFKljI,Odette,"1 St Andrew's Rd, #01-04 National Gallery, Singapur 178957",0.800,https://maps.google.com/?cid=3645182800018858020&g_mp=Cidnb29nbGUubWFwcy5wbGFjZXMudjEuUGxhY2VzLlNlYXJjaFRleHQQAhgEIAA
offtrack-2,Offtrack,Singapore,Offtrack Singapore Singapore 059290,ChIJ983ePJYZ2jER37eSak28AR8,Offtrack,"34 N Canal Rd, #01-01, Singapur 059290",0.675,https://maps.google.com/?cid=2234273930838980575&g_mp=Cidnb29nbGUubWFwcy5wbGFjZXMudjEuUGxhY2VzLlNlYXJjaFRleHQQAhgEIAA
onjium-restaurant-2,Onjium,Seoul,Onjium Seoul 49 4층,ChIJk5DRDD2jfDURUA4aAk0Frx0,Onjium,"Corea del Sur, Seoul, Jongno District, Hyoja-ro, 49 4층",0.875,https://maps.google.com/?cid=2138934176330157648&g_mp=Cidnb29nbGUubWFwcy5wbGFjZXMudjEuUGxhY2VzLlNlYXJjaFRleHQQAhgEIAA
opium-2,Opium,Bangkok,Opium Bangkok Thailand,ChIJ95ecsjyZ4jARLm3_GznbJsc,Opium Bar,"422 Soi Wanit 1, Khwaeng Samphanthawong, Khet Samphanthawong, Krung Thep Maha Nakhon 10100, Tailandia",0.550,https://maps.google.com/?cid=14350398300992007470&g_mp=Cidnb29nbGUubWFwcy5wbGFjZXMudjEuUGxhY2VzLlNlYXJjaFRleHQQAhgEIAA
orfali-bros-restaurant-2,Orfali Bros,Dubai,Orfali Bros Dubai,ChIJv6Zm1-hDXz4R9c0k9cOGun4,ORFALI BROS RESTAURANT,Al Wasl Rd - Al Wasl - Jumeira First - Dubai - Emiratos Árabes Unidos,1.000,https://maps.google.com/?cid=9131759370636676597&g_mp=Cidnb29nbGUubWFwcy5wbGFjZXMudjEuUGxhY2VzLlNlYXJjaFRleHQQAhgEIAA
osso-restaurant,Osso,Lima,Osso Lima Peru,ChIJfTWaNUPIBZERsket5wA09YU,OSSO San Isidro,"Avenida Santo Toribio 173 y, San Isidro 15073",0.514,https://maps.google.com/?cid=9652678554830063538&g_mp=Cidnb29nbGUubWFwcy5wbGFjZXMudjEuUGxhY2VzLlNlYXJjaFRleHQQAhgEIAA
oteque-restaurant,Oteque,Rio de Janeiro,Oteque Rio de Janeiro 22271-020,ChIJd30eZgB_mQAR-KdRFwN99rE,Oteque,"Rua Conde de Irajá, 581 - Botafogo, Rio de Janeiro - RJ, 22271-020, Brasil",0.875,https://maps.google.com/?cid=12823574441213667320&g_mp=Cidnb29nbGUubWFwcy5wbGFjZXMudjEuUGxhY2VzLlNlYXJjaFRleHQQAhgEIAA
overstory-3,Overstory,New York,Overstory New York USA,ChIJ_8dmJ0lbwokRIJHQFfXiMNo,Overstory,"70 Pine St 64th Floor, New York, NY 10005, EE. UU.",1.000,https://maps.google.com/?cid=15722315841411256608&g_mp=Cidnb29nbGUubWFwcy5wbGFjZXMudjEuUGxhY2VzLlNlYXJjaFRleHQQAhgEIAA
pacific-cocktail-haven,Pacific Cocktail Haven,San Francisco,Pacific Cocktail Haven San Francisco United States,ChIJi2fwgI6AhYARglQgXX2A3WU,Pacific Cocktail Haven,"550 Sutter St, San Francisco, CA 94108, EE. UU.",1.000,https://maps.google.com/?cid=7340164243605443714&g_mp=Cidnb29nbGUubWFwcy5wbGFjZXMudjEuUGxhY2VzLlNlYXJjaFRleHQQAhgEIAA
panda-sons-2,Panda & Sons,Edinburgh,Panda & Sons Edinburgh UK,ChIJc8uwh73Hh0gRUxs-kdJ18DU,Panda & Sons,"79 Queen St, Edinburgh EH2 4NF, Reino Unido",1.000,https://maps.google.com/?cid=3886736025661086547&g_mp=Cidnb29nbGUubWFwcy5wbGFjZXMudjEuUGxhY2VzLlNlYXJjaFRleHQQAhgEIAA
paradiso-2,Paradiso,Barcelona,Paradiso Barcelona Spain,ChIJUxwdO_6ipBIRdMGRVDsolaM,Paradiso,"Carrer de Rera Palau, 4, Ciutat Vella, 08003 Barcelona, España",1.000,https://maps.google.com/?cid=11787371834999161204&g_mp=Cidnb29nbGUubWFwcy5wbGFjZXMudjEuUGxhY2VzLlNlYXJjaFRleHQQAhgEIAA
pascual-restaurant-2,Pascual,Washington DC,Pascual Washington DC United States,ChIJnwFICei5t4kRrj34dLKdpxs,Pascual,"732 Maryland Ave NE, Washington, DC 20002, EE. UU.",1.000,https://maps.google.com/?cid=1992734749926899118&g_mp=Cidnb29nbGUubWFwcy5wbGFjZXMudjEuUGxhY2VzLlNlYXJjaFRleHQQAhgEIAA
penicillin-2,Penicillin,Hong Kong,Penicillin Hong Kong Hong Kong,ChIJcT8YnGABBDQRrZTqc7PxIr8,Penicillin,"L/G, Amber Lodge, 23 Hollywood Rd, Central, Hong Kong",0.975,https://maps.google.com/?cid=13772836363498591405&g_mp=Cidnb29nbGUubWFwcy5wbGFjZXMudjEuUGxhY2VzLlNlYXJjaFRleHQQAhgEIAA
penny-restaurant-2,Penny,New York,Penny New York United States,ChIJIwaq1P5ZwokRmGG4WafDScw,Penny,"90 E 10th St 1st Floor, New York, NY 10003, EE. UU.",1.000,https://maps.google.com/?cid=14720511980569387416&g_mp=Cidnb29nbGUubWFwcy5wbGFjZXMudjEuUGxhY2VzLlNlYXJjaFRleHQQAhgEIAA
penrose-2,Penrose,Kuala Lumpur,Penrose Kuala Lumpur 50000 Kuala Lumpur,ChIJS0y677RJzDERvxxFFqGh7eg,Penrose KL,"149, Jalan Petaling, City Centre, 50000 Kuala Lumpur, Wilayah Persekutuan Kuala Lumpur, Malasia",0.964,https://maps.google.com/?cid=16784249099515141311&g_mp=Cidnb29nbGUubWFwcy5wbGFjZXMudjEuUGxhY2VzLlNlYXJjaFRleHQQAhgEIAA
piazza-duomo-restaurant-2,Piazza Duomo,Alba,Piazza Duomo Alba Italy,ChIJSw-GLl2z0hIRX8zyKXltoq8,Piazza Duomo,"Vicolo dell' Arco, 12, 12051 Alba CN, Italia",1.000,https://maps.google.com/?cid=12655798270026763359&g_mp=Cidnb29nbGUubWFwcy5wbGFjZXMudjEuUGxhY2VzLlNlYXJjaFRleHQQAhgEIAA
plenitude-restaurant-2,Plénitude,Paris,Plénitude Paris France,ChIJ1YFmqNZv5kcRBAVR2JH8pEo,Plénitude,"8 Quai du Louvre, 75001 Paris, Francia",0.850,https://maps.google.com/?cid=5378701558316860676&g_mp=Cidnb29nbGUubWFwcy5wbGFjZXMudjEuUGxhY2VzLlNlYXJjaFRleHQQAhgEIAA
potong-restaurant-3,Potong,Bangkok,Potong Bangkok Thailand,ChIJd7grWxeZ4jAR8KwClMpGmHo,Restaurant POTONG,"422 Soi Wanit 1, Khwaeng Samphanthawong, Khet Samphanthawong, Krung Thep Maha Nakhon 10100, Tailandia",0.800,https://maps.google.com/?cid=8833888504967769328&g_mp=Cidnb29nbGUubWFwcy5wbGFjZXMudjEuUGxhY2VzLlNlYXJjaFRleHQQAhgEIAA
press-club,Press Club,Washington DC,Press Club Washington DC United States,ChIJw8JuvJe3t4kR7a74h9L0FHE,National Press Club,"529 14th St NW, Washington, DC 20045, EE. UU.",0.894,https://maps.google.com/?cid=8148406810881601261&g_mp=Cidnb29nbGUubWFwcy5wbGFjZXMudjEuUGxhY2VzLlNlYXJjaFRleHQQAhgEIAA
prophecy,Prophecy,Vancouver,Prophecy Vancouver Canada,ChIJFQ_bNvpxhlQRGTjg2X-ex78,Prophecy Cocktail Bar,"801 W Georgia St, Vancouver, BC V6C 1P7, Canadá",0.964,https://maps.google.com/?cid=13819188253563041817&g_mp=Cidnb29nbGUubWFwcy5wbGFjZXMudjEuUGxhY2VzLlNlYXJjaFRleHQQAhgEIAA
providence-restaurant-2,Providence,Los Angeles,Providence Los Angeles United States,ChIJaUBtetO-woARqyrV4ASPECg,Providence,"5955 Melrose Ave, Los Angeles, CA 90038, EE. UU.",1.000,https://maps.google.com/?cid=2886964612259195563&g_mp=Cidnb29nbGUubWFwcy5wbGFjZXMudjEuUGxhY2VzLlNlYXJjaFRleHQQAhgEIAA
published-on-main-restaurant-2,Published on Main,Vancouver,Published on Main Vancouver Canada,ChIJWx0eDi9zhlQRtAITySyE3oE,Published on Main,"3593 Main St, Vancouver, BC V5V 3N4, Canadá",1.000,https://maps.google.com/?cid=9358062403609363124&g_mp=Cidnb29nbGUubWFwcy5wbGFjZXMudjEuUGxhY2VzLlNlYXJjaFRleHQQAhgEIAA
punch-room-tokyo-2,Punch Room Tokyo,Tokyo,Punch Room Tokyo Tokyo 〒104-0061,ChIJy4YMDwCLGGAR6BajLITe_Oo,Punch Room Tokyo,"Japón, 〒104-0061 Tokyo, Chuo City, Ginza, 2-chōme−8−１３ 東京エディション銀座 2階",0.750,https://maps.google.com/?cid=16932653358272157416&g_mp=Cidnb29nbGUubWFwcy5wbGFjZXMudjEuUGxhY2VzLlNlYXJjaFRleHQQAhgEIAA
quetzal-restaurant-2,Quetzal,Toronto,Quetzal Toronto M5T 1T1,ChIJz7oN7gU1K4gRtjOP6_CCSiU,Quetzal,"419 College St, Toronto, ON M5T 1T1, Canadá",1.000,https://maps.google.com/?cid=2687104098935714742&g_mp=Cidnb29nbGUubWFwcy5wbGFjZXMudjEuUGxhY2VzLlNlYXJjaFRleHQQAhgEIAA
quintonil-restaurant-3,Quintonil,Mexico City,Quintonil Mexico City Mexico,ChIJbS8EZf8B0oURwwD8B0MpqK0,Quintonil,"Av. Isaac Newton 55, Polanco, Polanco IV Secc, Miguel Hidalgo, 11560 Ciudad de México, CDMX, México",0.900,https://maps.google.com/?cid=12513296932522426563&g_mp=Cidnb29nbGUubWFwcy5wbGFjZXMudjEuUGxhY2VzLlNlYXJjaFRleHQQAhgEIAA
rafael-restaurant,Rafael,Lima,Rafael Lima Peru,ChIJeZWqKB_IBZEReGGZlrsARmI,Rafael,"Ca. San Martín 300, Miraflores 15074, Perú",0.650,https://maps.google.com/?cid=7081348269772202360&g_mp=Cidnb29nbGUubWFwcy5wbGFjZXMudjEuUGxhY2VzLlNlYXJjaFRleHQQAhgEIAA
reale-restaurant-2,Reale,Castel di Sangro,Reale Castel di Sangro Italy,ChIJnxxH1W96MBMRSkUGag8Oltc,Ristorante Reale,"Contrada Piana Santa Liberata, 67031 Castel di Sangro AQ, Italia",0.964,https://maps.google.com/?cid=15534619424027198794&g_mp=Cidnb29nbGUubWFwcy5wbGFjZXMudjEuUGxhY2VzLlNlYXJjaFRleHQQAhgEIAA
reka-2,Reka,Kuala Lumpur,Reka Kuala Lumpur Malaysia,ChIJvwZpq4xJzDERgSnj0Je6Ico,Reka:Bar,"67M, Jln Setia Bakti, Bukit Damansara, 50490 Kuala Lumpur, Wilayah Persekutuan Kuala Lumpur, Malasia",0.750,https://maps.google.com/?cid=14565127831100270977&g_mp=Cidnb29nbGUubWFwcy5wbGFjZXMudjEuUGxhY2VzLlNlYXJjaFRleHQQAhgEIAA
restaurant-pearl-morissette-restaurant-2,Restaurant Pearl Morissette,Lincoln,Restaurant Pearl Morissette Lincoln Canada,ChIJJYQ6w5VS04kRT_2C9D_qyno,Restaurant Pearl Morissette,"3953 Jordan Rd, Jordan Station, ON L0R 1S0, Canadá",0.900,https://maps.google.com/?cid=8848141978328825167&g_mp=Cidnb29nbGUubWFwcy5wbGFjZXMudjEuUGxhY2VzLlNlYXJjaFRleHQQAhgEIAA
roda-huset-2,Röda Huset,Stockholm,Röda Huset Stockholm Sweden,ChIJD9TAUaGdX0YRiCmb4VoK9gY,Röda Huset,"Malmskillnadsgatan 9, 111 47 Stockholm, Suecia",1.000,https://maps.google.com/?cid=501599793946765704&g_mp=Cidnb29nbGUubWFwcy5wbGFjZXMudjEuUGxhY2VzLlNlYXJjaFRleHQQAhgEIAA
rosetta-restaurant-3,Rosetta,Mexico City,Rosetta Mexico City Mexico,ChIJdSGAWgP_0YURwNtY7rftf2E,Restaurante Rosetta,"C.Colima 166, Roma Nte., Cuauhtémoc, 06700 Ciudad de México, CDMX, México",0.900,https://maps.google.com/?cid=7025595317954862016&g_mp=Cidnb29nbGUubWFwcy5wbGFjZXMudjEuUGxhY2VzLlNlYXJjaFRleHQQAhgEIAA
ru-yuan-restaurant-2,Ru Yuan,Hangzhou,Ru Yuan Hangzhou Hangzhou,ChIJVeo7IneCTDQR6Pt6JpUFZAw,Xin Xinyuan Ruyifang,"55C7+Q84, Ming Zhi Lu, Bin Jiang Qu, Hang Zhou Shi, Zhe Jiang Sheng, China, 310053",0.100,https://maps.google.com/?cid=892844764280060904&g_mp=Cidnb29nbGUubWFwcy5wbGFjZXMudjEuUGxhY2VzLlNlYXJjaFRleHQQAhgEIAA
sabayon-restaurant-2,Sabayon,Montreal,Sabayon Montreal Canada,ChIJgeCnhmwbyUwRKqn8ePtEY2k,Sabayon,"2194 Rue Centre, Montréal, QC H3K 1J4, Canadá",1.000,https://maps.google.com/?cid=7593989243534092586&g_mp=Cidnb29nbGUubWFwcy5wbGFjZXMudjEuUGxhY2VzLlNlYXJjaFRleHQQAhgEIAA
saison-restaurant-2,Saison,San Francisco,Saison San Francisco United States,ChIJPUo32Aj3MhURXL06eVIEoHc,Saison,"178 Townsend St, San Francisco, CA 94107, EE. UU.",1.000,https://maps.google.com/?cid=8619894439054851420&g_mp=Cidnb29nbGUubWFwcy5wbGFjZXMudjEuUGxhY2VzLlNlYXJjaFRleHQQAhgEIAA
salmon-guru-2,Salmon Guru,Madrid,Salmon Guru Madrid Spain,ChIJxaAzu4EoQg0RtvLumbkqOe4,Coctelería Salmon Guru,"Calle de Echegaray, 21, Centro, 28014 Madrid, España",0.964,https://maps.google.com/?cid=17165798431339246262&g_mp=Cidnb29nbGUubWFwcy5wbGFjZXMudjEuUGxhY2VzLlNlYXJjaFRleHQQAhgEIAA
sastreria-martinez-2,Sastrería Martinez,Lima,Sastrería Martinez Lima Peru,ChIJ8bX9J3zJBZERYAhk9qKJ8aw,"Sastrería Martinez, Bar oculto","Av. Mariscal La Mar 1263, Miraflores 15074, Perú",0.614,https://maps.google.com/?cid=12461892976922331232&g_mp=Cidnb29nbGUubWFwcy5wbGFjZXMudjEuUGxhY2VzLlNlYXJjaFRleHQQAhgEIAA
satans-whiskers-2,Satan's Whiskers,London,Satan's Whiskers London UK,ChIJf9GjdNscdkgRPi-9Fxb6iDo,Satan's Whiskers,"Satan's Whiskers, 343 Cambridge Heath Rd, London E2 9RA, Reino Unido",1.000,https://maps.google.com/?cid=4217896023826968382&g_mp=Cidnb29nbGUubWFwcy5wbGFjZXMudjEuUGxhY2VzLlNlYXJjaFRleHQQAhgEIAA
sazenka-restaurant-2,Sazenka,Tokyo,Sazenka Tokyo Japan,ChIJqZDavAuLGGARV-fj_CVDFnI,Sazenka,"4-chōme-7-5 Minamiazabu, Minato City, Tokyo 106-0047, Japón",0.750,https://maps.google.com/?cid=8220832000247064407&g_mp=Cidnb29nbGUubWFwcy5wbGFjZXMudjEuUGxhY2VzLlNlYXJjaFRleHQQAhgEIAA
scarfes-bar-2,Scarfes Bar,London,Scarfes Bar London UK,ChIJi-8-gTUbdkgRlnM1J18fB24,Scarfes Bar,"252 High Holborn, London WC1V 7EN, Reino Unido",1.000,https://maps.google.com/?cid=7928340162549216150&g_mp=Cidnb29nbGUubWFwcy5wbGFjZXMudjEuUGxhY2VzLlNlYXJjaFRleHQQAhgEIAA
schmuck,Schmuck,New York,Schmuck New York United States,ChIJq2X9dwBZwokRdlXSC222znQ,schmuck.,"97 1st Ave, New York, NY 10003, EE. UU.",1.000,https://maps.google.com/?cid=8416865333068060022&g_mp=Cidnb29nbGUubWFwcy5wbGFjZXMudjEuUGxhY2VzLlNlYXJjaFRleHQQAhgEIAA
selva,Selva,Oaxaca,Selva Oaxaca 68000,ChIJcbpk5Kwjx4URY3b98-scmEA,Selva Oaxaca Cocktail Bar,"C. Macedonio Alcalá #403-int. 6, RUTA INDEPENDENCIA, Centro, 68000 Oaxaca de Juárez, Oax., México",0.964,https://maps.google.com/?cid=4654502014623774307&g_mp=Cidnb29nbGUubWFwcy5wbGFjZXMudjEuUGxhY2VzLlNlYXJjaFRleHQQAhgEIAA
semma-restaurant-2,Semma,New York,Semma New York United States,ChIJxZmzO7hZwokRx2fls4uU4YU,Semma,"60 Greenwich Ave, New York, NY 10011, EE. UU.",1.000,https://maps.google.com/?cid=9647155204543834055&g_mp=Cidnb29nbGUubWFwcy5wbGFjZXMudjEuUGxhY2VzLlNlYXJjaFRleHQQAhgEIAA
septime-restaurant-2,Septime,Paris,Septime Paris France,ChIJE6kCUghy5kcRmWSg3RUHIwM,Septime,"80 Rue de Charonne, 75011 Paris, Francia",1.000,https://maps.google.com/?cid=226032196792640665&g_mp=Cidnb29nbGUubWFwcy5wbGFjZXMudjEuUGxhY2VzLlNlYXJjaFRleHQQAhgEIAA
seroja-restaurant-2,Seroja,Singapore,Seroja Singapore 189356,ChIJ-_VlLioZ2jERU0eWh_TKqkI,Seroja,"7 Fraser St, #01-30/31/32/33 Duo Galleria, Singapur 189356",0.900,https://maps.google.com/?cid=4803875104139659091&g_mp=Cidnb29nbGUubWFwcy5wbGFjZXMudjEuUGxhY2VzLlNlYXJjaFRleHQQAhgEIAA
service-bar,Service Bar,Washington DC,Service Bar Washington DC 20001,ChIJfwVroeW3t4kRPqFvM6RDkwM,Service Bar DC,"926-928 U St NW, Washington, DC 20001, EE. UU.",0.939,https://maps.google.com/?cid=257623976206901566&g_mp=Cidnb29nbGUubWFwcy5wbGFjZXMudjEuUGxhY2VzLlNlYXJjaFRleHQQAhgEIAA
sezanne-restaurant-3,Sézanne,Tokyo,Sézanne Tokyo Japan,ChIJ-4nJtO-LGGARLkDEsx6UD4g,SÉZANNE,"1-chōme-11-1 Marunouchi, Chiyoda City, Tokyo 100-6277, Japón",0.750,https://maps.google.com/?cid=9804217773394772014&g_mp=Cidnb29nbGUubWFwcy5wbGFjZXMudjEuUGxhY2VzLlNlYXJjaFRleHQQAhgEIAA
sikwa-restaurant,Sikwa,San José,Sikwa San José Costa Rica,ChIJuZr6vcjjoI8RzMNa0WRoeRU,Sikwa Restaurante,"C. 41, San José, Los Yoses, Costa Rica",0.975,https://maps.google.com/?cid=1547382729196880844&g_mp=Cidnb29nbGUubWFwcy5wbGFjZXMudjEuUGxhY2VzLlNlYXJjaFRleHQQAhgEIAA
singlethread-restaurant-2,SingleThread,Healdsburg,SingleThread Healdsburg United States,ChIJ8TVwjTMXhIARQ5MLkvMyVvY,SingleThread Farm - Restaurant - Inn,"131 North St, Healdsburg, CA 95448, EE. UU.",0.964,https://maps.google.com/?cid=17750431003036062531&g_mp=Cidnb29nbGUubWFwcy5wbGFjZXMudjEuUGxhY2VzLlNlYXJjaFRleHQQAhgEIAA
sip-guzzle-3,Sip & Guzzle,New York,Sip & Guzzle New York United States,ChIJ49KsB19ZwokR8VwrMbECQr8,Sip&Guzzle,"29 Cornelia St, New York, NY 10014, EE. UU.",1.000,https://maps.google.com/?cid=13781580769764531441&g_mp=Cidnb29nbGUubWFwcy5wbGFjZXMudjEuUGxhY2VzLlNlYXJjaFRleHQQAhgEIAA
sips-2,Sips,Barcelona,Sips Barcelona Spain,ChIJVeGtVgijpBIRGhWNVpFekW0,Sips Bar Barcelona,"C/ de Muntaner, 108, Eixample, 08036 Barcelona, España",0.964,https://maps.google.com/?cid=7895195600072545562&g_mp=Cidnb29nbGUubWFwcy5wbGFjZXMudjEuUGxhY2VzLlNlYXJjaFRleHQQAhgEIAA
smoke-and-bitters-2,Smoke & Bitters,Hiriketiya,Smoke & Bitters Hiriketiya Hiriketiya,ChIJ865FUzg34ToRJCfGCK2YU9o,Smoke & Bitters,"Pehebiya, Pehebiya Rd Dickwella, south 81200, Sri Lanka",0.725,https://maps.google.com/?cid=15732085792279242532&g_mp=Cidnb29nbGUubWFwcy5wbGFjZXMudjEuUGxhY2VzLlNlYXJjaFRleHQQAhgEIAA
smyth-restaurant-2,Smyth,Chicago,Smyth Chicago United States,ChIJxRcpzSctDogRBKHyFUKauHc,Smyth,"177 N Ada St #101, Chicago, IL 60607, EE. UU.",1.000,https://maps.google.com/?cid=8626814694854926596&g_mp=Cidnb29nbGUubWFwcy5wbGFjZXMudjEuUGxhY2VzLlNlYXJjaFRleHQQAhgEIAA
soka-2,Soka,Bengaluru,Soka Bengaluru India,ChIJC4jSzucVrjsR_TuLOhxNGCk,SOKA Cocktail Bar,"No.210, A cross, 1st Main Rd, 2nd stage Indiranagar, Stage 2, Domlur, Bengaluru, Karnataka 560071, India",0.964,https://maps.google.com/?cid=2961201538632727549&g_mp=Cidnb29nbGUubWFwcy5wbGFjZXMudjEuUGxhY2VzLlNlYXJjaFRleHQQAhgEIAA
somni-restaurant-2,Somni,Los Angeles,Somni Los Angeles United States,ChIJVa5jok65woARLJWEqmHTCp8,Somni,"9045 Nemo St, West Hollywood, CA 90069, EE. UU.",0.675,https://maps.google.com/?cid=11460204618223752492&g_mp=Cidnb29nbGUubWFwcy5wbGFjZXMudjEuUGxhY2VzLlNlYXJjaFRleHQQAhgEIAA
sons-daughters-restaurant-2,Sons & Daughters,San Francisco,Sons & Daughters San Francisco United States,ChIJvXXIOoyAhYARe-ixq3WdmrY,Sons & Daughters,"2875 18th St, San Francisco, CA 94110, EE. UU.",0.750,https://maps.google.com/?cid=13158002390033623163&g_mp=Cidnb29nbGUubWFwcy5wbGFjZXMudjEuUGxhY2VzLlNlYXJjaFRleHQQAhgEIAA
sorn-restaurant-3,Sorn,Bangkok,Sorn Bangkok Thailand,ChIJWfYJ3QWf4jAR9erXv7kK7sA,Sorn,"56 Sukhumvit 26, Khwaeng Khlong Tan Nuea, Khet Khlong Toei, Krung Thep Maha Nakhon 10110, Tailandia",0.550,https://maps.google.com/?cid=13902060892643126005&g_mp=Cidnb29nbGUubWFwcy5wbGFjZXMudjEuUGxhY2VzLlNlYXJjaFRleHQQAhgEIAA
steirereck-restaurant-2,Steirereck,Vienna,Steirereck Vienna Austria,ChIJKS_u4XYHbUcRFEBBkdJ8HG0,Steirereck,"Am Heumarkt 2A, 1030 Wien, Austria",0.900,https://maps.google.com/?cid=7862296293303992340&g_mp=Cidnb29nbGUubWFwcy5wbGFjZXMudjEuUGxhY2VzLlNlYXJjaFRleHQQAhgEIAA
sublime-restaurant,Sublime,Guatemala City,Sublime Guatemala City Guatemala,ChIJ5TBu3kCjiYURH_drhloRzSA,Sublime Restaurante,"12 Calle 4-15, Cdad. de Guatemala 01014, Guatemala",0.875,https://maps.google.com/?cid=2363564459939329823&g_mp=Cidnb29nbGUubWFwcy5wbGFjZXMudjEuUGxhY2VzLlNlYXJjaFRleHQQAhgEIAA
suhring-restaurant-3,Sühring,Bangkok,Sühring Bangkok Bangkok 10120,ChIJa4FyWkef4jARYosTC995W8U,Sühring,"10 Soi Yen Akat 3, Khwaeng Chong Nonsi, Khet Yan Nawa, Krung Thep Maha Nakhon 10120, Tailandia",0.800,https://maps.google.com/?cid=14221094247222971234&g_mp=Cidnb29nbGUubWFwcy5wbGFjZXMudjEuUGxhY2VzLlNlYXJjaFRleHQQAhgEIAA
superbueno-3,Superbueno,New York,Superbueno New York NY 10003,ChIJbXN71WhZwokRNTk55-ScVWY,Superbueno,"13 1st Ave, New York, NY 10003, EE. UU.",1.000,https://maps.google.com/?cid=7373972471834818869&g_mp=Cidnb29nbGUubWFwcy5wbGFjZXMudjEuUGxhY2VzLlNlYXJjaFRleHQQAhgEIAA
svanen-2,Svanen,Oslo,Svanen Oslo Norway,ChIJD_-Fb2pvQUYRjcMxOgNFm2c,SVANEN Cocktailbar,"Karl Johans gt. 13, 0154 Oslo, Noruega",0.964,https://maps.google.com/?cid=7465636687460287373&g_mp=Cidnb29nbGUubWFwcy5wbGFjZXMudjEuUGxhY2VzLlNlYXJjaFRleHQQAhgEIAA
table-by-bruno-verjus-restaurant-2,Table by Bruno Verjus,Paris,Table by Bruno Verjus Paris France,ChIJoSONvAVy5kcRiFFvBHOUYv8,Table Bruno Verjus,"3 R. de Prague, 75012 Paris, Francia",0.888,https://maps.google.com/?cid=18402434249105822088&g_mp=Cidnb29nbGUubWFwcy5wbGFjZXMudjEuUGxhY2VzLlNlYXJjaFRleHQQAhgEIAA
tan-tan-2,Tan Tan,São Paulo,Tan Tan São Paulo Brazil,ChIJkzzWB55XzpQRiqS5LxkAxrU,TAN TAN,"R. Fradique Coutinho, 153 - Pinheiros, São Paulo - SP, 05416-010, Brasil",0.750,https://maps.google.com/?cid=13098156674428544138&g_mp=Cidnb29nbGUubWFwcy5wbGFjZXMudjEuUGxhY2VzLlNlYXJjaFRleHQQAhgEIAA
taniere3-restaurant-2,Tanière3,Quebec City,Tanière3 Quebec City Canada,ChIJ_Xs0crubuEwRmjgxCj6TwY4,Restaurant Tanière³,"7 Rue du Don-de-Dieu, Québec, QC G1K 3Z6, Canadá",0.739,https://maps.google.com/?cid=10286664918559176858&g_mp=Cidnb29nbGUubWFwcy5wbGFjZXMudjEuUGxhY2VzLlNlYXJjaFRleHQQAhgEIAA
tatiana-by-kwame-onwuachi-restaurant-2,Tatiana by Kwame Onwuachi,New York,Tatiana by Kwame Onwuachi New York United States,ChIJxy0SM0xZwokR5vC0f4wVlP0,Tatiana by Kwame Onwuachi,"10 Lincoln Center Plaza, New York, NY 10023, EE. UU.",1.000,https://maps.google.com/?cid=18272253281331114214&g_mp=Cidnb29nbGUubWFwcy5wbGFjZXMudjEuUGxhY2VzLlNlYXJjaFRleHQQAhgEIAA
tayer-elementary-2,Tayēr + Elementary,London,Tayēr + Elementary London UK,ChIJP72YPh8ddkgRHAMOeJp_gEI,Tayēr + Elementary,"152 Old St, London EC1V 9BW, Reino Unido",1.000,https://maps.google.com/?cid=4791970304938083100&g_mp=Cidnb29nbGUubWFwcy5wbGFjZXMudjEuUGxhY2VzLlNlYXJjaFRleHQQAhgEIAA
the-bar-in-front-of-the-bar-2,The Bar in Front of the Bar,Athens,The Bar in Front of the Bar Athens Greece,ChIJMbLXGNq9oRQR2afygzKgiOE,THE BAR IN FRONT OF THE BAR,"Petraki 1, Athina 105 63, Grecia",0.550,https://maps.google.com/?cid=16251415394188961753&g_mp=Cidnb29nbGUubWFwcy5wbGFjZXMudjEuUGxhY2VzLlNlYXJjaFRleHQQAhgEIAA
the-bellwood-2,The Bellwood,Tokyo,The Bellwood Tokyo Japan,ChIJV-2UmpGNGGARRwdj9J5VgdE,The Bellwood,"41-31 Udagawachō, Shibuya, Tokyo 150-0042, Japón",1.000,https://maps.google.com/?cid=15096441567115937607&g_mp=Cidnb29nbGUubWFwcy5wbGFjZXMudjEuUGxhY2VzLlNlYXJjaFRleHQQAhgEIAA
the-cambridge-public-house-2,The Cambridge Public House,Paris,The Cambridge Public House Paris France,ChIJf1PlS6hv5kcRfxnt_fDSpyE,The Cambridge Public House,"8 Rue de Poitou, 75003 Paris, Francia",1.000,https://maps.google.com/?cid=2425138856856459647&g_mp=Cidnb29nbGUubWFwcy5wbGFjZXMudjEuUGxhY2VzLlNlYXJjaFRleHQQAhgEIAA
the-chairman-restaurant-3,The Chairman,Hong Kong,The Chairman Hong Kong Hong Kong,ChIJhcOtY3wABDQR39uGw41EIYM,The Chairman Restaurant,"3rd Floor, The Wellington, 198 Wellington St, Central, Hong Kong",1.000,https://maps.google.com/?cid=9448908868861483999&g_mp=Cidnb29nbGUubWFwcy5wbGFjZXMudjEuUGxhY2VzLlNlYXJjaFRleHQQAhgEIAA
the-keefer-bar,The Keefer Bar,Vancouver,The Keefer Bar Vancouver Canada,ChIJ9dpVvXpxhlQRpw50KX2udjk,The Keefer Bar,"135 Keefer St, Vancouver, BC V6A 1X3, Canadá",1.000,https://maps.google.com/?cid=4140688760003366567&g_mp=Cidnb29nbGUubWFwcy5wbGFjZXMudjEuUGxhY2VzLlNlYXJjaFRleHQQAhgEIAA
the-pine-restaurant-2,The Pine,Collingwood,The Pine Collingwood Canada,ChIJy4dyoG97KogRGYpXlpA4Ip4,The Pine,"7535 County Rd 9, Creemore, ON L0M 1G0, Canadá",0.650,https://maps.google.com/?cid=11394732200849541657&g_mp=Cidnb29nbGUubWFwcy5wbGFjZXMudjEuUGxhY2VzLlNlYXJjaFRleHQQAhgEIAA
the-public-house-2,The Public House,Taipei,The Public House Taipei 10681,ChIJxfexRv-rQjQRYFeQmIbL7N8,The Public House,"10681, Taiwán, Taipei City, Da’an District, Dun'an Village, 信義路四段143號一樓",0.850,https://maps.google.com/?cid=16135495343907297120&g_mp=Cidnb29nbGUubWFwcy5wbGFjZXMudjEuUGxhY2VzLlNlYXJjaFRleHQQAhgEIAA
the-savory-project-2,The Savory Project,Hong Kong,The Savory Project Hong Kong Hong Kong,ChIJQdmKoKMBBDQRWLj35FF1heg,The Savory Project,"4 Staunton Street, Soho, Central, Hong Kong",1.000,https://maps.google.com/?cid=16754926983296039000&g_mp=Cidnb29nbGUubWFwcy5wbGFjZXMudjEuUGxhY2VzLlNlYXJjaFRleHQQAhgEIAA
the-st-regis-bar-jakarta-2,The St. Regis Bar,Jakarta,The St. Regis Bar Jakarta Indonesia,ChIJRfROpWb1aS4R_OBWaTm92ls,The St. Regis Bar,"Rajawali Place, Jl. H. R. Rasuna Said No.Kav No.B/4, RT.5/RW.1, Kuningan, Setia Budi, DKI, Kota Jakarta Selatan, Daerah Khusus Ibukota Jakarta 12910, Indonesia",0.750,https://maps.google.com/?cid=6618810656652452092&g_mp=Cidnb29nbGUubWFwcy5wbGFjZXMudjEuUGxhY2VzLlNlYXJjaFRleHQQAhgEIAA
three-x-co-2,Three X Co,Kuala Lumpur,Three X Co Kuala Lumpur,ChIJd4DkNK9JzDERPutnazW1VtU,THREE X CO,"Lot T6A, Level 3, Bangsar Shopping Centre, 285, Jalan Maarof, Bangsar, 59000 Kuala Lumpur, Wilayah Persekutuan Kuala Lumpur, Malasia",0.875,https://maps.google.com/?cid=15372673619115633470&g_mp=Cidnb29nbGUubWFwcy5wbGFjZXMudjEuUGxhY2VzLlNlYXJjaFRleHQQAhgEIAA
tlecan-3,Tlecān,Mexico City,Tlecān Mexico City Mexico,ChIJRbtqqOX_0YURJkwQEFZd2cs,Tlecan,"Av. Álvaro Obregón 228-Loc 2, Roma Nte., Cuauhtémoc, 06700 Ciudad de México, CDMX, México",0.900,https://maps.google.com/?cid=14688874283863657510&g_mp=Cidnb29nbGUubWFwcy5wbGFjZXMudjEuUGxhY2VzLlNlYXJjaFRleHQQAhgEIAA
to-infinity-and-beyond-2,To Infinity & Beyond,Taipei,To Infinity & Beyond Taipei Taiwan 106,ChIJ28DimWarQjQRZDkB3CI3bHg,To Infinity & Beyond,"No. 13號, Lane 160, Section 1, Dunhua S Rd, Guangwu Village, Da’an District, Taipei City, Taiwán 106",0.875,https://maps.google.com/?cid=8677371204895586660&g_mp=Cidnb29nbGUubWFwcy5wbGFjZXMudjEuUGxhY2VzLlNlYXJjaFRleHQQAhgEIAA
torrisi-restaurant-2,Torrisi,New York,Torrisi New York United States,ChIJWd7fRdZZwokRhru5tn4KsVM,Torrisi,"275 Mulberry St, New York, NY 10012, EE. UU.",1.000,https://maps.google.com/?cid=6030612915373587334&g_mp=Cidnb29nbGUubWFwcy5wbGFjZXMudjEuUGxhY2VzLlNlYXJjaFRleHQQAhgEIAA
tres-monos-2,Tres Monos,Buenos Aires,Tres Monos Buenos Aires Argentina,ChIJo7CuuHu1vJUR9DoRRpMQDNs,Tres Monos,"Guatemala 4899, C1425 Cdad. Autónoma de Buenos Aires, Argentina",1.000,https://maps.google.com/?cid=15784009018748517108&g_mp=Cidnb29nbGUubWFwcy5wbGFjZXMudjEuUGxhY2VzLlNlYXJjaFRleHQQAhgEIAA
trescha-restaurant,Trescha,Buenos Aires,Trescha Buenos Aires Argentina,ChIJ1Rgp0JfLvJURz9KmgBEdyAM,Trescha Restaurant,"Murillo 725, C1414 Cdad. Autónoma de Buenos Aires, Argentina",1.000,https://maps.google.com/?cid=272499738465981135&g_mp=Cidnb29nbGUubWFwcy5wbGFjZXMudjEuUGxhY2VzLlNlYXJjaFRleHQQAhgEIAA
tresind-studio-restaurant-2,Trèsind Studio,Dubai,Trèsind Studio Dubai,ChIJcfzwzo0TXz4RyQpaHkMBWsE,Tresind Studio,St. Regis Gardens Entrance B - The Palm Jumeirah - Dubai - Emiratos Árabes Unidos,0.875,https://maps.google.com/?cid=13932449785007704777&g_mp=Cidnb29nbGUubWFwcy5wbGFjZXMudjEuUGxhY2VzLlNlYXJjaFRleHQQAhgEIAA
true-laurel,True Laurel,San Francisco,True Laurel San Francisco United States,ChIJz2enRzd-j4ARkM49V6yDT2U,True Laurel,"753 Alabama St, San Francisco, CA 94110, EE. UU.",1.000,https://maps.google.com/?cid=7300198297212145296&g_mp=Cidnb29nbGUubWFwcy5wbGFjZXMudjEuUGxhY2VzLlNlYXJjaFRleHQQAhgEIAA
tuju-restaurant,Tuju,São Paulo,Tuju São Paulo 01454-060,ChIJm2pQ-1dXzpQRLcFNxi6yWeI,TUJU,"R. Frei Galvão, 135 - Jardim Paulistano, São Paulo - SP, 01454-060, Brasil",1.000,https://maps.google.com/?cid=16310263439464186157&g_mp=Cidnb29nbGUubWFwcy5wbGFjZXMudjEuUGxhY2VzLlNlYXJjaFRleHQQAhgEIAA
uliassi-restaurant-2,Uliassi,Senigallia,Uliassi Senigallia Italy,ChIJcR28_J1zLRMRk_P3vABNEog,Uliassi,"Banchina di Levante, 6, 60019 Senigallia AN, Italia",1.000,https://maps.google.com/?cid=9804984004304696211&g_mp=Cidnb29nbGUubWFwcy5wbGFjZXMudjEuUGxhY2VzLlNlYXJjaFRleHQQAhgEIAA
vender-2,Vender,Taichung,Vender Taichung Taichung,ChIJ99j4kaw9aTQR1G3kt0X5Txk,Vender Bar,"No, No. 118, Wuquan West 4th St, 西區, West District, Taichung City, Taiwán 40348",0.975,https://maps.google.com/?cid=1823950451941600724&g_mp=Cidnb29nbGUubWFwcy5wbGFjZXMudjEuUGxhY2VzLlNlYXJjaFRleHQQAhgEIAA
vesper-2,Vesper,Bangkok,Vesper Bangkok Bangkok,ChIJN4leQSyf4jARHG0tQIiRjic,Vesper,"10/15 Soi Convent 2, Si Lom, Khet Bang Rak, Krung Thep Maha Nakhon 10500, Tailandia",0.800,https://maps.google.com/?cid=2850375628550401308&g_mp=Cidnb29nbGUubWFwcy5wbGFjZXMudjEuUGxhY2VzLlNlYXJjaFRleHQQAhgEIAA
viceversa,Viceversa,Miami,Viceversa Miami United States,ChIJ_x2nF4e32YgRqFyJn1Tfd3U,ViceVersa Miami,"398 NE 5th St, Miami, FL 33132, EE. UU.",0.839,https://maps.google.com/?cid=8464479579212962984&g_mp=Cidnb29nbGUubWFwcy5wbGFjZXMudjEuUGxhY2VzLlNlYXJjaFRleHQQAhgEIAA
villa-tor-c3-a9l-restaurant,Villa Torél,Ensenada,Villa Torél Ensenada Mexico,ChIJNVB1tKDt2IAR7kqnfQnmOa8,Villa Torél,"México 3 Km 94, 22766 Villa de Juárez, B.C., México",0.650,https://maps.google.com/?cid=12626375958747106030&g_mp=Cidnb29nbGUubWFwcy5wbGFjZXMudjEuUGxhY2VzLlNlYXJjaFRleHQQAhgEIAA
virtu-3,Virtù,Tokyo,Virtù Tokyo Tokyo 100-0004,ChIJlbohVy2NGGARYM9c0wZX34I,VIRTÙ,"1-chōme-2-1 Ōtemachi, Chiyoda City, Tokyo 100-0004, Japón",1.000,https://maps.google.com/?cid=9430351831564603232&g_mp=Cidnb29nbGUubWFwcy5wbGFjZXMudjEuUGxhY2VzLlNlYXJjaFRleHQQAhgEIAA
vyn-restaurant-2,Vyn,Skillinge,Vyn Skillinge 272 92 Simrishamn,ChIJLbEtuLtvVEYRhbjWJlyxJlI,Vyn Restaurant,"Höga vägen 72, 272 92 Simrishamn, Suecia",0.900,https://maps.google.com/?cid=5919613769571809413&g_mp=Cidnb29nbGUubWFwcy5wbGFjZXMudjEuUGxhY2VzLlNlYXJjaFRleHQQAhgEIAA
wana-yook-restaurant-2,Wana Yook,Bangkok,Wana Yook Bangkok Thailand,ChIJOTiQRnKf4jAR5hsFRsOF2RM,Wana Yook,"5, 15 Phaya Thai Rd, Khwaeng Thanon Phaya Thai, Khet Ratchathewi, Krung Thep Maha Nakhon 10400, Tailandia",0.550,https://maps.google.com/?cid=1430321430406700006&g_mp=Cidnb29nbGUubWFwcy5wbGFjZXMudjEuUGxhY2VzLlNlYXJjaFRleHQQAhgEIAA
wild-ble-restaurant-2,Wild Blue,Whistler,Wild Blue Whistler Canada,ChIJC42-bvsjh1QRt0dkdZ2Rf5o,Wild Blue Restaurant + Bar,"Across from the Aava Hotel, 4005 Whistler Way, Whistler, BC V8B 1J1, Canadá",1.000,https://maps.google.com/?cid=11132776909348554679&g_mp=Cidnb29nbGUubWFwcy5wbGFjZXMudjEuUGxhY2VzLlNlYXJjaFRleHQQAhgEIAA
wing-restaurant-3,Wing,Hong Kong,Wing Hong Kong Hong Kong,ChIJ9TB5jAcBBDQREQJ8mH5EaVw,WING Restaurant,"29/F, The Wellington, 198 Wellington St, Central, Hong Kong",0.750,https://maps.google.com/?cid=6658928834558820881&g_mp=Cidnb29nbGUubWFwcy5wbGFjZXMudjEuUGxhY2VzLlNlYXJjaFRleHQQAhgEIAA
yakoboku-2,Yakoboku,Kumamoto,Yakoboku Kumamoto 〒,ChIJc1yetRb1QDURjUfTEvWfhvk,夜香木 yakoboku,"Japón, 〒860-0848 Kumamoto, Chuo Ward, Minamitsuboimachi, 5−２１ 1F 夜香木",0.925,https://maps.google.com/?cid=17980234437254924173&g_mp=Cidnb29nbGUubWFwcy5wbGFjZXMudjEuUGxhY2VzLlNlYXJjaFRleHQQAhgEIAA
yum-cha-restaurant,Yum Cha,Santiago,Yum Cha Santiago 7530001,ChIJyQo_K4fPYpYRMKVHalp8O70,Yum Cha,"La Herradura 2722, 7530001 Providencia, Región Metropolitana, Chile",0.775,https://maps.google.com/?cid=13635629024566289712&g_mp=Cidnb29nbGUubWFwcy5wbGFjZXMudjEuUGxhY2VzLlNlYXJjaFRleHQQAhgEIAA
zest-3,Zest,Seoul,Zest Seoul Korea,ChIJ9eN6-_GlfDUR5SGWDB7YNkw,ZEST SEOUL,"Corea del Sur, Seoul, Gangnam District, Dosan-daero 55-gil, 26 하늘빌딩 1층",0.964,https://maps.google.com/?cid=5491814419196682725&g_mp=Cidnb29nbGUubWFwcy5wbGFjZXMudjEuUGxhY2VzLlNlYXJjaFRleHQQAhgEIAA
zlb23-2,ZLB23,Bengaluru,ZLB23 Bengaluru India,ChIJHV4ZFAAVrjsRxF3kP-6b7oo,ZLB23 Speakeasy,"The Leela Palace, HAL 2nd Stage, Kodihalli, Bengaluru, Karnataka 560008, India",0.964,https://maps.google.com/?cid=10011110469267643844&g_mp=Cidnb29nbGUubWFwcy5wbGFjZXMudjEuUGxhY2VzLlNlYXJjaFRleHQQAhgEIAA