slug,name,city,searchUrl
102-house-restaurant-restaurant,102 House,Shanghai,https://www.tripadvisor.es/Search?q=102%20House%20Shanghai
102-house-restaurant,102 House,Shanghai,https://www.tripadvisor.es/Search?q=102%20House%20Shanghai
1930,1930,Milan,https://www.tripadvisor.es/Search?q=1930%20Milan
acamaya-restaurant,Acamaya,New Orleans,https://www.tripadvisor.es/Search?q=Acamaya%20New%20Orleans
addison-by-william-bradley-restaurant-restaurant,Addison by William Bradley,San Diego,https://www.tripadvisor.es/Search?q=Addison%20by%20William%20Bradley%20San%20Diego
addison-by-william-bradley-restaurant,Addison by William Bradley,San Diego,https://www.tripadvisor.es/Search?q=Addison%20by%20William%20Bradley%20San%20Diego
afluente-restaurant,Afluente,Bogotá,https://www.tripadvisor.es/Search?q=Afluente%20Bogot%C3%A1
albi-restaurant,Albi,Washington DC,https://www.tripadvisor.es/Search?q=Albi%20Washington%20DC
alchemist-restaurant,Alchemist,Copenhagen,https://www.tripadvisor.es/Search?q=Alchemist%20Copenhagen
alice,Alice,Seoul,https://www.tripadvisor.es/Search?q=Alice%20Seoul
alquimico,Alquímico,Cartagena,https://www.tripadvisor.es/Search?q=Alqu%C3%ADmico%20Cartagena
angels-share,Angel's Share,New York,https://www.tripadvisor.es/Search?q=Angel's%20Share%20New%20York
annalena-restaurant,AnnaLena,Vancouver,https://www.tripadvisor.es/Search?q=AnnaLena%20Vancouver
arca-restaurant,Arca,Tulum,https://www.tripadvisor.es/Search?q=Arca%20Tulum
argo,Argo,Hong Kong,https://www.tripadvisor.es/Search?q=Argo%20Hong%20Kong
arpege-restaurant,Arpège,Paris,https://www.tripadvisor.es/Search?q=Arp%C3%A8ge%20Paris
asador-etxebarri-restaurant,Asador Etxebarri,Atxondo,https://www.tripadvisor.es/Search?q=Asador%20Etxebarri%20Atxondo
aska-restaurant-restaurant,Aska,New York,https://www.tripadvisor.es/Search?q=Aska%20New%20York
aska-restaurant,Aska,New York,https://www.tripadvisor.es/Search?q=Aska%20New%20York
atelier-crenn-restaurant,Atelier Crenn,San Francisco,https://www.tripadvisor.es/Search?q=Atelier%20Crenn%20San%20Francisco
atelier-crenn-restaurant-restaurant,Atelier Crenn,San Francisco,https://www.tripadvisor.es/Search?q=Atelier%20Crenn%20San%20Francisco
atelier-moessmer-norbert-niederkofler-restaurant-restaurant,Atelier Moessmer Norbert Niederkofler,Brunico,https://www.tripadvisor.es/Search?q=Atelier%20Moessmer%20Norbert%20Niederkofler%20Brunico
atelier-moessmer-norbert-niederkofler-restaurant,Atelier Moessmer Norbert Niederkofler,Brunico,https://www.tripadvisor.es/Search?q=Atelier%20Moessmer%20Norbert%20Niederkofler%20Brunico
atomix-restaurant-restaurant-restaurant,Atomix,New York,https://www.tripadvisor.es/Search?q=Atomix%20New%20York
atomix-restaurant-restaurant,Atomix,New York,https://www.tripadvisor.es/Search?q=Atomix%20New%20York
atomix-restaurant,Atomix,New York,https://www.tripadvisor.es/Search?q=Atomix%20New%20York
au-jardin-restaurant,Au Jardin,Penang,https://www.tripadvisor.es/Search?q=Au%20Jardin%20Penang
august-restaurant-restaurant,August,Jakarta,https://www.tripadvisor.es/Search?q=August%20Jakarta
august-restaurant,August,Jakarta,https://www.tripadvisor.es/Search?q=August%20Jakarta
avize-restaurant-restaurant,Avize,Atlanta,https://www.tripadvisor.es/Search?q=Avize%20Atlanta
avize-restaurant,Avize,Atlanta,https://www.tripadvisor.es/Search?q=Avize%20Atlanta
baba-au-rum,Baba au Rum,Athens,https://www.tripadvisor.es/Search?q=Baba%20au%20Rum%20Athens
bandista,Bandista,Houston,https://www.tripadvisor.es/Search?q=Bandista%20Houston
bar-benfiddich,Bar Benfiddich,Tokyo,https://www.tripadvisor.es/Search?q=Bar%20Benfiddich%20Tokyo
bar-benfiddich-bar,Bar Benfiddich,Tokyo,https://www.tripadvisor.es/Search?q=Bar%20Benfiddich%20Tokyo
cham-bar,Bar Cham,Seoul,https://www.tripadvisor.es/Search?q=Bar%20Cham%20Seoul
bar-leone-bar,Bar Leone,Hong Kong,https://www.tripadvisor.es/Search?q=Bar%20Leone%20Hong%20Kong
bar-leone,Bar Leone,Hong Kong,https://www.tripadvisor.es/Search?q=Bar%20Leone%20Hong%20Kong
bar-madonna,Bar Madonna,New York,https://www.tripadvisor.es/Search?q=Bar%20Madonna%20New%20York
bar-mauro,Bar Mauro,Mexico City,https://www.tripadvisor.es/Search?q=Bar%20Mauro%20Mexico%20City
bar-nouveau,Bar Nouveau,Paris,https://www.tripadvisor.es/Search?q=Bar%20Nouveau%20Paris
bar-sathorn,Bar Sathorn,Bangkok,https://www.tripadvisor.es/Search?q=Bar%20Sathorn%20Bangkok
bar-spirit-forward,Bar Spirit Forward,Bengaluru,https://www.tripadvisor.es/Search?q=Bar%20Spirit%20Forward%20Bengaluru
bar-trigona,Bar Trigona,Kuala Lumpur,https://www.tripadvisor.es/Search?q=Bar%20Trigona%20Kuala%20Lumpur
bar-us-bar-bar,Bar Us,Bangkok,https://www.tripadvisor.es/Search?q=Bar%20Us%20Bangkok
bar-us-bar,Bar Us,Bangkok,https://www.tripadvisor.es/Search?q=Bar%20Us%20Bangkok
bar-us,Bar Us,Bangkok,https://www.tripadvisor.es/Search?q=Bar%20Us%20Bangkok
barc,Barc,Kathmandu,https://www.tripadvisor.es/Search?q=Barc%20Kathmandu
beba-restaurant,Beba,Montreal,https://www.tripadvisor.es/Search?q=Beba%20Montreal
bekeb,Bekeb,San Miguel de Allende,https://www.tripadvisor.es/Search?q=Bekeb%20San%20Miguel%20de%20Allende
belcanto-restaurant,Belcanto,Lisbon,https://www.tripadvisor.es/Search?q=Belcanto%20Lisbon
benu-restaurant,Benu,San Francisco,https://www.tripadvisor.es/Search?q=Benu%20San%20Francisco
bium-restaurant,Bium,Seoul,https://www.tripadvisor.es/Search?q=Bium%20Seoul
bkk-social-club-bar-bar,BKK Social Club,Bangkok,https://www.tripadvisor.es/Search?q=BKK%20Social%20Club%20Bangkok
bkk-social-club-bar,BKK Social Club,Bangkok,https://www.tripadvisor.es/Search?q=BKK%20Social%20Club%20Bangkok
bkk-social-club,BKK Social Club,Bangkok,https://www.tripadvisor.es/Search?q=BKK%20Social%20Club%20Bangkok
boilermaker-bar,Boilermaker,Goa,https://www.tripadvisor.es/Search?q=Boilermaker%20Goa
boilermaker,Boilermaker,Goa,https://www.tripadvisor.es/Search?q=Boilermaker%20Goa
bon-vivants,Bon Vivants,Nassau,https://www.tripadvisor.es/Search?q=Bon%20Vivants%20Nassau
borago-restaurant,Boragó,Santiago,https://www.tripadvisor.es/Search?q=Borag%C3%B3%20Santiago
born-restaurant-restaurant,Born,Singapore,https://www.tripadvisor.es/Search?q=Born%20Singapore
born-restaurant,Born,Singapore,https://www.tripadvisor.es/Search?q=Born%20Singapore
cantina-del-tigre-restaurant,Cantina del Tigre,Panama City,https://www.tripadvisor.es/Search?q=Cantina%20del%20Tigre%20Panama%20City
caprice-restaurant,Caprice,Hong Kong,https://www.tripadvisor.es/Search?q=Caprice%20Hong%20Kong
caretakers-cottage,Caretaker's Cottage,Melbourne,https://www.tripadvisor.es/Search?q=Caretaker's%20Cottage%20Melbourne
carrots-bar,Carrots Bar,Jakarta,https://www.tripadvisor.es/Search?q=Carrots%20Bar%20Jakarta
cat-bite-club,Cat Bite Club,Singapore,https://www.tripadvisor.es/Search?q=Cat%20Bite%20Club%20Singapore
celele-restaurant,Celele,Cartagena,https://www.tripadvisor.es/Search?q=Celele%20Cartagena
cesar-restaurant,César,New York,https://www.tripadvisor.es/Search?q=C%C3%A9sar%20New%20York
chef-tams-seasons-restaurant,Chef Tam's Seasons,Macau,https://www.tripadvisor.es/Search?q=Chef%20Tam's%20Seasons%20Macau
chubby-fish-restaurant-restaurant,Chubby Fish,Charleston,https://www.tripadvisor.es/Search?q=Chubby%20Fish%20Charleston
chubby-fish-restaurant,Chubby Fish,Charleston,https://www.tripadvisor.es/Search?q=Chubby%20Fish%20Charleston
civil-works,Civil Works,Toronto,https://www.tripadvisor.es/Search?q=Civil%20Works%20Toronto
clemente-bar,Clemente Bar,New York,https://www.tripadvisor.es/Search?q=Clemente%20Bar%20New%20York
cmyk,CMYK,Changsha,https://www.tripadvisor.es/Search?q=CMYK%20Changsha
cmyk-bar,CMYK,Changsha,https://www.tripadvisor.es/Search?q=CMYK%20Changsha
coa-bar,Coa,Hong Kong,https://www.tripadvisor.es/Search?q=Coa%20Hong%20Kong
coa,Coa,Hong Kong,https://www.tripadvisor.es/Search?q=Coa%20Hong%20Kong
cochinchina,CoChinChina,Buenos Aires,https://www.tripadvisor.es/Search?q=CoChinChina%20Buenos%20Aires
connaught-bar,Connaught Bar,London,https://www.tripadvisor.es/Search?q=Connaught%20Bar%20London
corima-restaurant,Corima,New York,https://www.tripadvisor.es/Search?q=Corima%20New%20York
cosmo-pony,Cosmo Pony,Jakarta,https://www.tripadvisor.es/Search?q=Cosmo%20Pony%20Jakarta
cosmo-pony-bar,Cosmo Pony,Jakarta,https://www.tripadvisor.es/Search?q=Cosmo%20Pony%20Jakarta
crizia-restaurant,Crizia,Buenos Aires,https://www.tripadvisor.es/Search?q=Crizia%20Buenos%20Aires
crony-restaurant,Crony,Tokyo,https://www.tripadvisor.es/Search?q=Crony%20Tokyo
crony-restaurant-restaurant,Crony,Tokyo,https://www.tripadvisor.es/Search?q=Crony%20Tokyo
daisy-margarita-bar,Daisy Margarita Bar,Los Angeles,https://www.tripadvisor.es/Search?q=Daisy%20Margarita%20Bar%20Los%20Angeles
dakar-nola-restaurant-restaurant,Dakar NOLA,New Orleans,https://www.tripadvisor.es/Search?q=Dakar%20NOLA%20New%20Orleans
dakar-nola-restaurant,Dakar NOLA,New Orleans,https://www.tripadvisor.es/Search?q=Dakar%20NOLA%20New%20Orleans
danico,Danico,Paris,https://www.tripadvisor.es/Search?q=Danico%20Paris
demo-magnolia-restaurant,Demo Magnolia,Santiago,https://www.tripadvisor.es/Search?q=Demo%20Magnolia%20Santiago
diaca-restaurant,Diacá,Guatemala City,https://www.tripadvisor.es/Search?q=Diac%C3%A1%20Guatemala%20City
dianes-place-restaurant,Diane's Place,Minneapolis,https://www.tripadvisor.es/Search?q=Diane's%20Place%20Minneapolis
diverxo-restaurant,Diverxo,Madrid,https://www.tripadvisor.es/Search?q=Diverxo%20Madrid
don-restaurant,Don Julio,Buenos Aires,https://www.tripadvisor.es/Search?q=Don%20Julio%20Buenos%20Aires
double-chicken-please,Double Chicken Please,New York,https://www.tripadvisor.es/Search?q=Double%20Chicken%20Please%20New%20York
drink-kong,Drink Kong,Rome,https://www.tripadvisor.es/Search?q=Drink%20Kong%20Rome
dry-wave-cocktail-studio-bar,Dry Wave Cocktail Studio,Bangkok,https://www.tripadvisor.es/Search?q=Dry%20Wave%20Cocktail%20Studio%20Bangkok
dry-wave-cocktail-studio,Dry Wave Cocktail Studio,Bangkok,https://www.tripadvisor.es/Search?q=Dry%20Wave%20Cocktail%20Studio%20Bangkok
eatanic-garden-restaurant,Eatanic Garden,Seoul,https://www.tripadvisor.es/Search?q=Eatanic%20Garden%20Seoul
eatanic-garden-restaurant-restaurant,Eatanic Garden,Seoul,https://www.tripadvisor.es/Search?q=Eatanic%20Garden%20Seoul
edulis-restaurant,Edulis,Toronto,https://www.tripadvisor.es/Search?q=Edulis%20Toronto
eight-restaurant,Eight,Calgary,https://www.tripadvisor.es/Search?q=Eight%20Calgary
el-gallo-altanero,El Gallo Altanero,Guadalajara,https://www.tripadvisor.es/Search?q=El%20Gallo%20Altanero%20Guadalajara
el-mercado-restaurant,El Mercado,Buenos Aires,https://www.tripadvisor.es/Search?q=El%20Mercado%20Buenos%20Aires
elkano-restaurant,Elkano,Getaria,https://www.tripadvisor.es/Search?q=Elkano%20Getaria
emerils-restaurant,Emeril's,New Orleans,https://www.tripadvisor.es/Search?q=Emeril's%20New%20Orleans
enigma-restaurant,Enigma,Barcelona,https://www.tripadvisor.es/Search?q=Enigma%20Barcelona
estro-restaurant,Estro,Hong Kong,https://www.tripadvisor.es/Search?q=Estro%20Hong%20Kong
fauna-restaurant,Fauna,Valle de Guadalupe,https://www.tripadvisor.es/Search?q=Fauna%20Valle%20de%20Guadalupe
frantzen-restaurant,Frantzén,Stockholm,https://www.tripadvisor.es/Search?q=Frantz%C3%A9n%20Stockholm
friday-saturday-sunday-restaurant,Friday Saturday Sunday,Philadelphia,https://www.tripadvisor.es/Search?q=Friday%20Saturday%20Sunday%20Philadelphia
friday-saturday-sunday-restaurant-restaurant,Friday Saturday Sunday,Philadelphia,https://www.tripadvisor.es/Search?q=Friday%20Saturday%20Sunday%20Philadelphia
fu-he-hui-restaurant-restaurant,Fu He Hui,Shanghai,https://www.tripadvisor.es/Search?q=Fu%20He%20Hui%20Shanghai
fu-he-hui-restaurant,Fu He Hui,Shanghai,https://www.tripadvisor.es/Search?q=Fu%20He%20Hui%20Shanghai
god-bangkok-bar,G.O.D,Bangkok,https://www.tripadvisor.es/Search?q=G.O.D%20Bangkok
god-bangkok,G.O.D,Bangkok,https://www.tripadvisor.es/Search?q=G.O.D%20Bangkok
gaggan-restaurant-restaurant-restaurant,Gaggan,Bangkok,https://www.tripadvisor.es/Search?q=Gaggan%20Bangkok
gaggan-restaurant-restaurant,Gaggan,Bangkok,https://www.tripadvisor.es/Search?q=Gaggan%20Bangkok
gaggan-restaurant,Gaggan,Bangkok,https://www.tripadvisor.es/Search?q=Gaggan%20Bangkok
gaggan-at-louis-vuitton-restaurant-restaurant,Gaggan at Louis Vuitton,Bangkok,https://www.tripadvisor.es/Search?q=Gaggan%20at%20Louis%20Vuitton%20Bangkok
gaggan-at-louis-vuitton-restaurant,Gaggan at Louis Vuitton,Bangkok,https://www.tripadvisor.es/Search?q=Gaggan%20at%20Louis%20Vuitton%20Bangkok
gokan,Gokan,Hong Kong,https://www.tripadvisor.es/Search?q=Gokan%20Hong%20Kong
gramercy-tavern-restaurant-restaurant,Gramercy Tavern,New York,https://www.tripadvisor.es/Search?q=Gramercy%20Tavern%20New%20York
gramercy-tavern-restaurant,Gramercy Tavern,New York,https://www.tripadvisor.es/Search?q=Gramercy%20Tavern%20New%20York
gus-sip-dip,Gus' Sip & Dip,Chicago,https://www.tripadvisor.es/Search?q=Gus'%20Sip%20%26%20Dip%20Chicago
handshake-speakeasy-bar-bar,Handshake Speakeasy,Mexico City,https://www.tripadvisor.es/Search?q=Handshake%20Speakeasy%20Mexico%20City
handshake-speakeasy,Handshake Speakeasy,Mexico City,https://www.tripadvisor.es/Search?q=Handshake%20Speakeasy%20Mexico%20City
handshake-speakeasy-bar,Handshake Speakeasy,Mexico City,https://www.tripadvisor.es/Search?q=Handshake%20Speakeasy%20Mexico%20City
himkok,Himkok,Oslo,https://www.tripadvisor.es/Search?q=Himkok%20Oslo
himkok-bar,Himkok,Oslo,https://www.tripadvisor.es/Search?q=Himkok%20Oslo
holbox-restaurant-restaurant,Holbox,Los Angeles,https://www.tripadvisor.es/Search?q=Holbox%20Los%20Angeles
holbox-restaurant,Holbox,Los Angeles,https://www.tripadvisor.es/Search?q=Holbox%20Los%20Angeles
hope-and-sesame-bar,Hope & Sesame,Guangzhou,https://www.tripadvisor.es/Search?q=Hope%20%26%20Sesame%20Guangzhou
hope-and-sesame,Hope & Sesame,Guangzhou,https://www.tripadvisor.es/Search?q=Hope%20%26%20Sesame%20Guangzhou
hope-sesame,Hope & Sesame,Guangzhou,https://www.tripadvisor.es/Search?q=Hope%20%26%20Sesame%20Guangzhou
humo-negro-restaurant,Humo Negro,Bogotá,https://www.tripadvisor.es/Search?q=Humo%20Negro%20Bogot%C3%A1
huniik-restaurant,Huniik,Mérida,https://www.tripadvisor.es/Search?q=Huniik%20M%C3%A9rida
ikoyi-restaurant,Ikoyi,London,https://www.tripadvisor.es/Search?q=Ikoyi%20London
ikoyi-restaurant-restaurant,Ikoyi,London,https://www.tripadvisor.es/Search?q=Ikoyi%20London
restaurant-jan-restaurant,Jan,Munich,https://www.tripadvisor.es/Search?q=Jan%20Munich
restaurant-jan-restaurant-restaurant,Jan,Munich,https://www.tripadvisor.es/Search?q=Jan%20Munich
jewel-of-the-south,Jewel of the South,New Orleans,https://www.tripadvisor.es/Search?q=Jewel%20of%20the%20South%20New%20Orleans
jewel-of-the-south-bar,Jewel of the South,New Orleans,https://www.tripadvisor.es/Search?q=Jewel%20of%20the%20South%20New%20Orleans
jewel-of-the-south-bar-bar,Jewel of the South,New Orleans,https://www.tripadvisor.es/Search?q=Jewel%20of%20the%20South%20New%20Orleans
jigger-pony,Jigger & Pony,Singapore,https://www.tripadvisor.es/Search?q=Jigger%20%26%20Pony%20Singapore
jigger-pony-bar,Jigger & Pony,Singapore,https://www.tripadvisor.es/Search?q=Jigger%20%26%20Pony%20Singapore
jigger-pony-bar-bar,Jigger & Pony,Singapore,https://www.tripadvisor.es/Search?q=Jigger%20%26%20Pony%20Singapore
jl-studio-restaurant-restaurant,JL Studio,Taichung,https://www.tripadvisor.es/Search?q=JL%20Studio%20Taichung
jl-studio-restaurant,JL Studio,Taichung,https://www.tripadvisor.es/Search?q=JL%20Studio%20Taichung
julia-restaurant,Julia,Buenos Aires,https://www.tripadvisor.es/Search?q=Julia%20Buenos%20Aires
june-on-cambie,June on Cambie,Vancouver,https://www.tripadvisor.es/Search?q=June%20on%20Cambie%20Vancouver
jungsik-restaurant-restaurant,Jungsik,New York,https://www.tripadvisor.es/Search?q=Jungsik%20New%20York
jungsik-restaurant,Jungsik,New York,https://www.tripadvisor.es/Search?q=Jungsik%20New%20York
kabawa-restaurant,Kabawa,New York,https://www.tripadvisor.es/Search?q=Kabawa%20New%20York
kadeau-restaurant,Kadeau,Copenhagen,https://www.tripadvisor.es/Search?q=Kadeau%20Copenhagen
kadeau-restaurant-restaurant,Kadeau,Copenhagen,https://www.tripadvisor.es/Search?q=Kadeau%20Copenhagen
kaito-del-valle,Kaito del Valle,Mexico City,https://www.tripadvisor.es/Search?q=Kaito%20del%20Valle%20Mexico%20City
kalaya-restaurant,Kalaya,Philadelphia,https://www.tripadvisor.es/Search?q=Kalaya%20Philadelphia
kalaya-restaurant-restaurant,Kalaya,Philadelphia,https://www.tripadvisor.es/Search?q=Kalaya%20Philadelphia
karai-by-mitsuharu-restaurant,Karai by Mitsuharu,Santiago,https://www.tripadvisor.es/Search?q=Karai%20by%20Mitsuharu%20Santiago
kato-restaurant-restaurant,Kato,Los Angeles,https://www.tripadvisor.es/Search?q=Kato%20Los%20Angeles
kato-restaurant,Kato,Los Angeles,https://www.tripadvisor.es/Search?q=Kato%20Los%20Angeles
kjolle-restaurant-restaurant,Kjolle,Lima,https://www.tripadvisor.es/Search?q=Kjolle%20Lima
kjolle-restaurant,Kjolle,Lima,https://www.tripadvisor.es/Search?q=Kjolle%20Lima
kjolle-restaurant-restaurant-restaurant,Kjolle,Lima,https://www.tripadvisor.es/Search?q=Kjolle%20Lima
kol-restaurant-restaurant,Kol,London,https://www.tripadvisor.es/Search?q=Kol%20London
kol-restaurant,Kol,London,https://www.tripadvisor.es/Search?q=Kol%20London
kumiko,Kumiko,Chicago,https://www.tripadvisor.es/Search?q=Kumiko%20Chicago
la-bourriche-133-restaurant,La Bourriche 133,Shanghai,https://www.tripadvisor.es/Search?q=La%20Bourriche%20133%20Shanghai
la-bourriche-133-restaurant-restaurant,La Bourriche 133,Shanghai,https://www.tripadvisor.es/Search?q=La%20Bourriche%20133%20Shanghai
la-cime-restaurant-restaurant,La Cime,Osaka,https://www.tripadvisor.es/Search?q=La%20Cime%20Osaka
la-cime-restaurant,La Cime,Osaka,https://www.tripadvisor.es/Search?q=La%20Cime%20Osaka
la-cime-restaurant-restaurant-restaurant,La Cime,Osaka,https://www.tripadvisor.es/Search?q=La%20Cime%20Osaka
la-mar-restaurant,La Mar,Lima,https://www.tripadvisor.es/Search?q=La%20Mar%20Lima
labyrinth-restaurant,Labyrinth,Singapore,https://www.tripadvisor.es/Search?q=Labyrinth%20Singapore
labyrinth-restaurant-restaurant,Labyrinth,Singapore,https://www.tripadvisor.es/Search?q=Labyrinth%20Singapore
lady-bee,Lady Bee,Lima,https://www.tripadvisor.es/Search?q=Lady%20Bee%20Lima
lady-bee-bar,Lady Bee,Lima,https://www.tripadvisor.es/Search?q=Lady%20Bee%20Lima
lair,Lair,New Delhi,https://www.tripadvisor.es/Search?q=Lair%20New%20Delhi
lair-bar,Lair,New Delhi,https://www.tripadvisor.es/Search?q=Lair%20New%20Delhi
lamdre-restaurant,Lamdre,Beijing,https://www.tripadvisor.es/Search?q=Lamdre%20Beijing
lamdre-restaurant-restaurant,Lamdre,Beijing,https://www.tripadvisor.es/Search?q=Lamdre%20Beijing
lamp-bar-bar,Lamp Bar,Nara,https://www.tripadvisor.es/Search?q=Lamp%20Bar%20Nara
lasai-restaurant-restaurant-restaurant,Lasai,Rio de Janeiro,https://www.tripadvisor.es/Search?q=Lasai%20Rio%20de%20Janeiro
lasai-restaurant,Lasai,Rio de Janeiro,https://www.tripadvisor.es/Search?q=Lasai%20Rio%20de%20Janeiro
lasai-restaurant-restaurant,Lasai,Rio de Janeiro,https://www.tripadvisor.es/Search?q=Lasai%20Rio%20de%20Janeiro
le-bernadin-restaurant-restaurant,Le Bernardin,New York,https://www.tripadvisor.es/Search?q=Le%20Bernardin%20New%20York
le-bernadin-restaurant,Le Bernardin,New York,https://www.tripadvisor.es/Search?q=Le%20Bernardin%20New%20York
le-calandre-restaurant,Le Calandre,Rubano,https://www.tripadvisor.es/Search?q=Le%20Calandre%20Rubano
le-calandre-restaurant-restaurant,Le Calandre,Rubano,https://www.tripadvisor.es/Search?q=Le%20Calandre%20Rubano
le-chamber-bar,Le Chamber,Seoul,https://www.tripadvisor.es/Search?q=Le%20Chamber%20Seoul
le-chamber,Le Chamber,Seoul,https://www.tripadvisor.es/Search?q=Le%20Chamber%20Seoul
le-du-restaurant-restaurant,Le Du,Bangkok,https://www.tripadvisor.es/Search?q=Le%20Du%20Bangkok
le-du-restaurant-restaurant-restaurant,Le Du,Bangkok,https://www.tripadvisor.es/Search?q=Le%20Du%20Bangkok
le-du-restaurant,Le Du,Bangkok,https://www.tripadvisor.es/Search?q=Le%20Du%20Bangkok
le-veau-dor-restaurant,Le Veau d'Or,New York,https://www.tripadvisor.es/Search?q=Le%20Veau%20d'Or%20New%20York
le-veau-dor-restaurant-restaurant,Le Veau d'Or,New York,https://www.tripadvisor.es/Search?q=Le%20Veau%20d'Or%20New%20York
le-violon-restaurant,Le Violon,Montreal,https://www.tripadvisor.es/Search?q=Le%20Violon%20Montreal
le-violon-restaurant-restaurant,Le Violon,Montreal,https://www.tripadvisor.es/Search?q=Le%20Violon%20Montreal
leo-restaurant,Leo,Bogotá,https://www.tripadvisor.es/Search?q=Leo%20Bogot%C3%A1
les-amis-restaurant,Les Amis,Singapore,https://www.tripadvisor.es/Search?q=Les%20Amis%20Singapore
les-amis-restaurant-restaurant,Les Amis,Singapore,https://www.tripadvisor.es/Search?q=Les%20Amis%20Singapore
library-bar,Library Bar,Toronto,https://www.tripadvisor.es/Search?q=Library%20Bar%20Toronto
library-by-the-sea,Library by the Sea,Grand Cayman,https://www.tripadvisor.es/Search?q=Library%20by%20the%20Sea%20Grand%20Cayman
licoreria-limantour,Licorería Limantour,Mexico City,https://www.tripadvisor.es/Search?q=Licorer%C3%ADa%20Limantour%20Mexico%20City
lido-84-restaurant-restaurant,Lido 84,Gardone Riviera,https://www.tripadvisor.es/Search?q=Lido%2084%20Gardone%20Riviera
lido-84-restaurant,Lido 84,Gardone Riviera,https://www.tripadvisor.es/Search?q=Lido%2084%20Gardone%20Riviera
line,Line,Athens,https://www.tripadvisor.es/Search?q=Line%20Athens
line-bar,Line,Athens,https://www.tripadvisor.es/Search?q=Line%20Athens
ling-long-restaurant,Ling Long,Shanghai,https://www.tripadvisor.es/Search?q=Ling%20Long%20Shanghai
ling-long-restaurant-restaurant,Ling Long,Shanghai,https://www.tripadvisor.es/Search?q=Ling%20Long%20Shanghai
locale-firenze-bar,Locale Firenze,Florence,https://www.tripadvisor.es/Search?q=Locale%20Firenze%20Florence
locale-firenze,Locale Firenze,Florence,https://www.tripadvisor.es/Search?q=Locale%20Firenze%20Florence
locavore-nxt-restaurant,Locavore NXT,Ubud,https://www.tripadvisor.es/Search?q=Locavore%20NXT%20Ubud
locavore-nxt-restaurant-restaurant,Locavore NXT,Ubud,https://www.tripadvisor.es/Search?q=Locavore%20NXT%20Ubud
logy-restaurant-restaurant,Logy,Taipei,https://www.tripadvisor.es/Search?q=Logy%20Taipei
logy-restaurant,Logy,Taipei,https://www.tripadvisor.es/Search?q=Logy%20Taipei
maido-restaurant,Maido,Lima,https://www.tripadvisor.es/Search?q=Maido%20Lima
maido-restaurant-restaurant,Maido,Lima,https://www.tripadvisor.es/Search?q=Maido%20Lima
maison-premiere,Maison Premiere,New York,https://www.tripadvisor.es/Search?q=Maison%20Premiere%20New%20York
maito-restaurant,Maito,Panama City,https://www.tripadvisor.es/Search?q=Maito%20Panama%20City
manuel-restaurant,Manuel,Barranquilla,https://www.tripadvisor.es/Search?q=Manuel%20Barranquilla
martinys,Martiny's,New York,https://www.tripadvisor.es/Search?q=Martiny's%20New%20York
masque-restaurant,Masque,Mumbai,https://www.tripadvisor.es/Search?q=Masque%20Mumbai
masque-restaurant-restaurant,Masque,Mumbai,https://www.tripadvisor.es/Search?q=Masque%20Mumbai
maximo-restaurant,Máximo,Mexico City,https://www.tripadvisor.es/Search?q=M%C3%A1ximo%20Mexico%20City
maybe-sammy,Maybe Sammy,Sydney,https://www.tripadvisor.es/Search?q=Maybe%20Sammy%20Sydney
maybe-sammy-bar,Maybe Sammy,Sydney,https://www.tripadvisor.es/Search?q=Maybe%20Sammy%20Sydney
mayta-restaurant-restaurant,Mayta,Lima,https://www.tripadvisor.es/Search?q=Mayta%20Lima
mayta-restaurant-restaurant-restaurant,Mayta,Lima,https://www.tripadvisor.es/Search?q=Mayta%20Lima
mayta-restaurant,Mayta,Lima,https://www.tripadvisor.es/Search?q=Mayta%20Lima
mecenas,Mecenas,Guadalajara,https://www.tripadvisor.es/Search?q=Mecenas%20Guadalajara
meet-the-bund-restaurant-restaurant,Meet the Bund,Shanghai,https://www.tripadvisor.es/Search?q=Meet%20the%20Bund%20Shanghai
meet-the-bund-restaurant,Meet the Bund,Shanghai,https://www.tripadvisor.es/Search?q=Meet%20the%20Bund%20Shanghai
merito-restaurant,Mérito,Lima,https://www.tripadvisor.es/Search?q=M%C3%A9rito%20Lima
merito-restaurant-restaurant,Mérito,Lima,https://www.tripadvisor.es/Search?q=M%C3%A9rito%20Lima
merito-restaurant-restaurant-restaurant,Mérito,Lima,https://www.tripadvisor.es/Search?q=M%C3%A9rito%20Lima
mhel-restaurant,Mhel,Toronto,https://www.tripadvisor.es/Search?q=Mhel%20Toronto
mhel-restaurant-restaurant,Mhel,Toronto,https://www.tripadvisor.es/Search?q=Mhel%20Toronto
mil-restaurant,Mil,Moray,https://www.tripadvisor.es/Search?q=Mil%20Moray
mimi-kakushi,Mimi Kakushi,Dubai,https://www.tripadvisor.es/Search?q=Mimi%20Kakushi%20Dubai
mimi-kakushi-bar,Mimi Kakushi,Dubai,https://www.tripadvisor.es/Search?q=Mimi%20Kakushi%20Dubai
mingles-restaurant,Mingles,Seoul,https://www.tripadvisor.es/Search?q=Mingles%20Seoul
mingles-restaurant-restaurant,Mingles,Seoul,https://www.tripadvisor.es/Search?q=Mingles%20Seoul
mingles-restaurant-restaurant-restaurant,Mingles,Seoul,https://www.tripadvisor.es/Search?q=Mingles%20Seoul
mirate,Mírate,Los Angeles,https://www.tripadvisor.es/Search?q=M%C3%ADrate%20Los%20Angeles
mirror-bar,Mirror Bar,Bratislava,https://www.tripadvisor.es/Search?q=Mirror%20Bar%20Bratislava
mirror-bar-bar,Mirror Bar,Bratislava,https://www.tripadvisor.es/Search?q=Mirror%20Bar%20Bratislava
mo-bar-shenzhen,MO Bar Shenzhen,Shenzhen,https://www.tripadvisor.es/Search?q=MO%20Bar%20Shenzhen%20Shenzhen
modernhaus-bar,Modernhaus,Jakarta,https://www.tripadvisor.es/Search?q=Modernhaus%20Jakarta
modernhaus,Modernhaus,Jakarta,https://www.tripadvisor.es/Search?q=Modernhaus%20Jakarta
moebius-milano,Moebius Milano,Milan,https://www.tripadvisor.es/Search?q=Moebius%20Milano%20Milan
mon-lapin-restaurant-restaurant,Mon Lapin,Montreal,https://www.tripadvisor.es/Search?q=Mon%20Lapin%20Montreal
mon-lapin-restaurant,Mon Lapin,Montreal,https://www.tripadvisor.es/Search?q=Mon%20Lapin%20Montreal
mono-restaurant-restaurant,Mono,Hong Kong,https://www.tripadvisor.es/Search?q=Mono%20Hong%20Kong
mono-restaurant,Mono,Hong Kong,https://www.tripadvisor.es/Search?q=Mono%20Hong%20Kong
moon-rabbit-restaurant-restaurant,Moon Rabbit,Washington DC,https://www.tripadvisor.es/Search?q=Moon%20Rabbit%20Washington%20DC
moon-rabbit-restaurant,Moon Rabbit,Washington DC,https://www.tripadvisor.es/Search?q=Moon%20Rabbit%20Washington%20DC
mosu-restaurant,Mosu,Seoul,https://www.tripadvisor.es/Search?q=Mosu%20Seoul
mosu-restaurant-restaurant,Mosu,Seoul,https://www.tripadvisor.es/Search?q=Mosu%20Seoul
mother,Mother,Toronto,https://www.tripadvisor.es/Search?q=Mother%20Toronto
ms-maria-mr-singh-restaurant-restaurant,Ms. Maria & Mr. Singh,Bangkok,https://www.tripadvisor.es/Search?q=Ms.%20Maria%20%26%20Mr.%20Singh%20Bangkok
ms-maria-mr-singh-restaurant,Ms. Maria & Mr. Singh,Bangkok,https://www.tripadvisor.es/Search?q=Ms.%20Maria%20%26%20Mr.%20Singh%20Bangkok
naar-restaurant,Naar,Kasauli,https://www.tripadvisor.es/Search?q=Naar%20Kasauli
naar-restaurant-restaurant,Naar,Kasauli,https://www.tripadvisor.es/Search?q=Naar%20Kasauli
naeum-restaurant,Nae:Um,Singapore,https://www.tripadvisor.es/Search?q=Nae%3AUm%20Singapore
naeum-restaurant-restaurant,Nae:Um,Singapore,https://www.tripadvisor.es/Search?q=Nae%3AUm%20Singapore
native-bar,Native,Singapore,https://www.tripadvisor.es/Search?q=Native%20Singapore
native,Native,Singapore,https://www.tripadvisor.es/Search?q=Native%20Singapore
neighborhood-restaurant-restaurant,Neighborhood,Hong Kong,https://www.tripadvisor.es/Search?q=Neighborhood%20Hong%20Kong
neighborhood-restaurant,Neighborhood,Hong Kong,https://www.tripadvisor.es/Search?q=Neighborhood%20Hong%20Kong
nelita-restaurant,Nelita,São Paulo,https://www.tripadvisor.es/Search?q=Nelita%20S%C3%A3o%20Paulo
nino-gordo-restaurant,Niño Gordo,Buenos Aires,https://www.tripadvisor.es/Search?q=Ni%C3%B1o%20Gordo%20Buenos%20Aires
nouvelle-vague-bar,Nouvelle Vague,Tirana,https://www.tripadvisor.es/Search?q=Nouvelle%20Vague%20Tirana
nouvelle-vague,Nouvelle Vague,Tirana,https://www.tripadvisor.es/Search?q=Nouvelle%20Vague%20Tirana
nuema-restaurant,Nuema,Quito,https://www.tripadvisor.es/Search?q=Nuema%20Quito
nusara-restaurant-restaurant-restaurant,Nusara,Bangkok,https://www.tripadvisor.es/Search?q=Nusara%20Bangkok
nusara-restaurant,Nusara,Bangkok,https://www.tripadvisor.es/Search?q=Nusara%20Bangkok
nusara-restaurant-restaurant,Nusara,Bangkok,https://www.tripadvisor.es/Search?q=Nusara%20Bangkok
nutmeg-clove-bar,Nutmeg & Clove,Singapore,https://www.tripadvisor.es/Search?q=Nutmeg%20%26%20Clove%20Singapore
nutmeg-clove-bar-bar,Nutmeg & Clove,Singapore,https://www.tripadvisor.es/Search?q=Nutmeg%20%26%20Clove%20Singapore
nutmeg-clove,Nutmeg & Clove,Singapore,https://www.tripadvisor.es/Search?q=Nutmeg%20%26%20Clove%20Singapore
odette-restaurant-restaurant,Odette,Singapore,https://www.tripadvisor.es/Search?q=Odette%20Singapore
odette-restaurant,Odette,Singapore,https://www.tripadvisor.es/Search?q=Odette%20Singapore
odette-restaurant-restaurant-restaurant,Odette,Singapore,https://www.tripadvisor.es/Search?q=Odette%20Singapore
offtrack-bar,Offtrack,Singapore,https://www.tripadvisor.es/Search?q=Offtrack%20Singapore
offtrack,Offtrack,Singapore,https://www.tripadvisor.es/Search?q=Offtrack%20Singapore
opium-bar,Opium,Bangkok,https://www.tripadvisor.es/Search?q=Opium%20Bangkok
opium,Opium,Bangkok,https://www.tripadvisor.es/Search?q=Opium%20Bangkok
orfali-bros-restaurant-restaurant,Orfali Bros,Dubai,https://www.tripadvisor.es/Search?q=Orfali%20Bros%20Dubai
orfali-bros-restaurant,Orfali Bros,Dubai,https://www.tripadvisor.es/Search?q=Orfali%20Bros%20Dubai
osso-restaurant,Osso,Lima,https://www.tripadvisor.es/Search?q=Osso%20Lima
oteque-restaurant,Oteque,Rio de Janeiro,https://www.tripadvisor.es/Search?q=Oteque%20Rio%20de%20Janeiro
overstory,Overstory,New York,https://www.tripadvisor.es/Search?q=Overstory%20New%20York
overstory-bar-bar,Overstory,New York,https://www.tripadvisor.es/Search?q=Overstory%20New%20York
overstory-bar,Overstory,New York,https://www.tripadvisor.es/Search?q=Overstory%20New%20York
pacific-cocktail-haven,Pacific Cocktail Haven,San Francisco,https://www.tripadvisor.es/Search?q=Pacific%20Cocktail%20Haven%20San%20Francisco
panda-sons-bar,Panda & Sons,Edinburgh,https://www.tripadvisor.es/Search?q=Panda%20%26%20Sons%20Edinburgh
panda-sons,Panda & Sons,Edinburgh,https://www.tripadvisor.es/Search?q=Panda%20%26%20Sons%20Edinburgh
paradiso,Paradiso,Barcelona,https://www.tripadvisor.es/Search?q=Paradiso%20Barcelona
paradiso-bar,Paradiso,Barcelona,https://www.tripadvisor.es/Search?q=Paradiso%20Barcelona
pascual-restaurant-restaurant,Pascual,Washington DC,https://www.tripadvisor.es/Search?q=Pascual%20Washington%20DC
pascual-restaurant,Pascual,Washington DC,https://www.tripadvisor.es/Search?q=Pascual%20Washington%20DC
penicillin,Penicillin,Hong Kong,https://www.tripadvisor.es/Search?q=Penicillin%20Hong%20Kong
penicillin-bar,Penicillin,Hong Kong,https://www.tripadvisor.es/Search?q=Penicillin%20Hong%20Kong
penny-restaurant-restaurant,Penny,New York,https://www.tripadvisor.es/Search?q=Penny%20New%20York
penny-restaurant,Penny,New York,https://www.tripadvisor.es/Search?q=Penny%20New%20York
penrose-bar,Penrose,Kuala Lumpur,https://www.tripadvisor.es/Search?q=Penrose%20Kuala%20Lumpur
penrose,Penrose,Kuala Lumpur,https://www.tripadvisor.es/Search?q=Penrose%20Kuala%20Lumpur
piazza-duomo-restaurant-restaurant,Piazza Duomo,Alba,https://www.tripadvisor.es/Search?q=Piazza%20Duomo%20Alba
piazza-duomo-restaurant,Piazza Duomo,Alba,https://www.tripadvisor.es/Search?q=Piazza%20Duomo%20Alba
plenitude-restaurant,Plénitude,Paris,https://www.tripadvisor.es/Search?q=Pl%C3%A9nitude%20Paris
plenitude-restaurant-restaurant,Plénitude,Paris,https://www.tripadvisor.es/Search?q=Pl%C3%A9nitude%20Paris
potong-restaurant,Potong,Bangkok,https://www.tripadvisor.es/Search?q=Potong%20Bangkok
potong-restaurant-restaurant,Potong,Bangkok,https://www.tripadvisor.es/Search?q=Potong%20Bangkok
potong-restaurant-restaurant-restaurant,Potong,Bangkok,https://www.tripadvisor.es/Search?q=Potong%20Bangkok
press-club,Press Club,Washington DC,https://www.tripadvisor.es/Search?q=Press%20Club%20Washington%20DC
prophecy,Prophecy,Vancouver,https://www.tripadvisor.es/Search?q=Prophecy%20Vancouver
providence-restaurant,Providence,Los Angeles,https://www.tripadvisor.es/Search?q=Providence%20Los%20Angeles
providence-restaurant-restaurant,Providence,Los Angeles,https://www.tripadvisor.es/Search?q=Providence%20Los%20Angeles
published-on-main-restaurant,Published on Main,Vancouver,https://www.tripadvisor.es/Search?q=Published%20on%20Main%20Vancouver
published-on-main-restaurant-restaurant,Published on Main,Vancouver,https://www.tripadvisor.es/Search?q=Published%20on%20Main%20Vancouver
quetzal-restaurant-restaurant,Quetzal,Toronto,https://www.tripadvisor.es/Search?q=Quetzal%20Toronto
quetzal-restaurant,Quetzal,Toronto,https://www.tripadvisor.es/Search?q=Quetzal%20Toronto
quintonil-restaurant-restaurant,Quintonil,Mexico City,https://www.tripadvisor.es/Search?q=Quintonil%20Mexico%20City
quintonil-restaurant-restaurant-restaurant,Quintonil,Mexico City,https://www.tripadvisor.es/Search?q=Quintonil%20Mexico%20City
quintonil-restaurant,Quintonil,Mexico City,https://www.tripadvisor.es/Search?q=Quintonil%20Mexico%20City
rafael-restaurant,Rafael,Lima,https://www.tripadvisor.es/Search?q=Rafael%20Lima
reale-restaurant-restaurant,Reale,Castel di Sangro,https://www.tripadvisor.es/Search?q=Reale%20Castel%20di%20Sangro
reale-restaurant,Reale,Castel di Sangro,https://www.tripadvisor.es/Search?q=Reale%20Castel%20di%20Sangro
reka,Reka,Kuala Lumpur,https://www.tripadvisor.es/Search?q=Reka%20Kuala%20Lumpur
reka-bar,Reka,Kuala Lumpur,https://www.tripadvisor.es/Search?q=Reka%20Kuala%20Lumpur
restaurant-pearl-morissette-restaurant-restaurant,Restaurant Pearl Morissette,Lincoln,https://www.tripadvisor.es/Search?q=Restaurant%20Pearl%20Morissette%20Lincoln
restaurant-pearl-morissette-restaurant,Restaurant Pearl Morissette,Lincoln,https://www.tripadvisor.es/Search?q=Restaurant%20Pearl%20Morissette%20Lincoln
roda-huset-bar,Röda Huset,Stockholm,https://www.tripadvisor.es/Search?q=R%C3%B6da%20Huset%20Stockholm
roda-huset,Röda Huset,Stockholm,https://www.tripadvisor.es/Search?q=R%C3%B6da%20Huset%20Stockholm
rosetta-restaurant,Rosetta,Mexico City,https://www.tripadvisor.es/Search?q=Rosetta%20Mexico%20City
rosetta-restaurant-restaurant-restaurant,Rosetta,Mexico City,https://www.tripadvisor.es/Search?q=Rosetta%20Mexico%20City
rosetta-restaurant-restaurant,Rosetta,Mexico City,https://www.tripadvisor.es/Search?q=Rosetta%20Mexico%20City
ru-yuan-restaurant-restaurant,Ru Yuan,Hangzhou,https://www.tripadvisor.es/Search?q=Ru%20Yuan%20Hangzhou
ru-yuan-restaurant,Ru Yuan,Hangzhou,https://www.tripadvisor.es/Search?q=Ru%20Yuan%20Hangzhou
sabayon-restaurant-restaurant,Sabayon,Montreal,https://www.tripadvisor.es/Search?q=Sabayon%20Montreal
sabayon-restaurant,Sabayon,Montreal,https://www.tripadvisor.es/Search?q=Sabayon%20Montreal
saison-restaurant,Saison,San Francisco,https://www.tripadvisor.es/Search?q=Saison%20San%20Francisco
saison-restaurant-restaurant,Saison,San Francisco,https://www.tripadvisor.es/Search?q=Saison%20San%20Francisco
salmon-guru-bar,Salmon Guru,Madrid,https://www.tripadvisor.es/Search?q=Salmon%20Guru%20Madrid
salmon-guru,Salmon Guru,Madrid,https://www.tripadvisor.es/Search?q=Salmon%20Guru%20Madrid
sastreria-martinez,Sastrería Martinez,Lima,https://www.tripadvisor.es/Search?q=Sastrer%C3%ADa%20Martinez%20Lima
sastreria-martinez-bar,Sastrería Martinez,Lima,https://www.tripadvisor.es/Search?q=Sastrer%C3%ADa%20Martinez%20Lima
satans-whiskers-bar,Satan's Whiskers,London,https://www.tripadvisor.es/Search?q=Satan's%20Whiskers%20London
satans-whiskers,Satan's Whiskers,London,https://www.tripadvisor.es/Search?q=Satan's%20Whiskers%20London
sazenka-restaurant-restaurant,Sazenka,Tokyo,https://www.tripadvisor.es/Search?q=Sazenka%20Tokyo
sazenka-restaurant,Sazenka,Tokyo,https://www.tripadvisor.es/Search?q=Sazenka%20Tokyo
scarfes-bar-bar,Scarfes Bar,London,https://www.tripadvisor.es/Search?q=Scarfes%20Bar%20London
scarfes-bar,Scarfes Bar,London,https://www.tripadvisor.es/Search?q=Scarfes%20Bar%20London
schmuck,Schmuck,New York,https://www.tripadvisor.es/Search?q=Schmuck%20New%20York
selva,Selva,Oaxaca,https://www.tripadvisor.es/Search?q=Selva%20Oaxaca
semma-restaurant-restaurant,Semma,New York,https://www.tripadvisor.es/Search?q=Semma%20New%20York
semma-restaurant,Semma,New York,https://www.tripadvisor.es/Search?q=Semma%20New%20York
septime-restaurant-restaurant,Septime,Paris,https://www.tripadvisor.es/Search?q=Septime%20Paris
septime-restaurant,Septime,Paris,https://www.tripadvisor.es/Search?q=Septime%20Paris
seroja-restaurant,Seroja,Singapore,https://www.tripadvisor.es/Search?q=Seroja%20Singapore
seroja-restaurant-restaurant,Seroja,Singapore,https://www.tripadvisor.es/Search?q=Seroja%20Singapore
service-bar,Service Bar,Washington DC,https://www.tripadvisor.es/Search?q=Service%20Bar%20Washington%20DC
sezanne-restaurant,Sézanne,Tokyo,https://www.tripadvisor.es/Search?q=S%C3%A9zanne%20Tokyo
sezanne-restaurant-restaurant,Sézanne,Tokyo,https://www.tripadvisor.es/Search?q=S%C3%A9zanne%20Tokyo
sezanne-restaurant-restaurant-restaurant,Sézanne,Tokyo,https://www.tripadvisor.es/Search?q=S%C3%A9zanne%20Tokyo
sikwa-restaurant,Sikwa,San José,https://www.tripadvisor.es/Search?q=Sikwa%20San%20Jos%C3%A9
singlethread-restaurant-restaurant,SingleThread,Healdsburg,https://www.tripadvisor.es/Search?q=SingleThread%20Healdsburg
singlethread-restaurant,SingleThread,Healdsburg,https://www.tripadvisor.es/Search?q=SingleThread%20Healdsburg
sip-guzzle,Sip & Guzzle,New York,https://www.tripadvisor.es/Search?q=Sip%20%26%20Guzzle%20New%20York
sip-guzzle-bar-bar,Sip & Guzzle,New York,https://www.tripadvisor.es/Search?q=Sip%20%26%20Guzzle%20New%20York
sip-guzzle-bar,Sip & Guzzle,New York,https://www.tripadvisor.es/Search?q=Sip%20%26%20Guzzle%20New%20York
sips-bar,Sips,Barcelona,https://www.tripadvisor.es/Search?q=Sips%20Barcelona
sips,Sips,Barcelona,https://www.tripadvisor.es/Search?q=Sips%20Barcelona
smoke-and-bitters-bar,Smoke & Bitters,Hiriketiya,https://www.tripadvisor.es/Search?q=Smoke%20%26%20Bitters%20Hiriketiya
smoke-and-bitters,Smoke & Bitters,Hiriketiya,https://www.tripadvisor.es/Search?q=Smoke%20%26%20Bitters%20Hiriketiya
smyth-restaurant,Smyth,Chicago,https://www.tripadvisor.es/Search?q=Smyth%20Chicago
smyth-restaurant-restaurant,Smyth,Chicago,https://www.tripadvisor.es/Search?q=Smyth%20Chicago
soka-bar,Soka,Bengaluru,https://www.tripadvisor.es/Search?q=Soka%20Bengaluru
soka,Soka,Bengaluru,https://www.tripadvisor.es/Search?q=Soka%20Bengaluru
somni-restaurant,Somni,Los Angeles,https://www.tripadvisor.es/Search?q=Somni%20Los%20Angeles
somni-restaurant-restaurant,Somni,Los Angeles,https://www.tripadvisor.es/Search?q=Somni%20Los%20Angeles
sons-daughters-restaurant,Sons & Daughters,San Francisco,https://www.tripadvisor.es/Search?q=Sons%20%26%20Daughters%20San%20Francisco
sons-daughters-restaurant-restaurant,Sons & Daughters,San Francisco,https://www.tripadvisor.es/Search?q=Sons%20%26%20Daughters%20San%20Francisco
sorn-restaurant,Sorn,Bangkok,https://www.tripadvisor.es/Search?q=Sorn%20Bangkok
sorn-restaurant-restaurant,Sorn,Bangkok,https://www.tripadvisor.es/Search?q=Sorn%20Bangkok
sorn-restaurant-restaurant-restaurant,Sorn,Bangkok,https://www.tripadvisor.es/Search?q=Sorn%20Bangkok
steirereck-restaurant,Steirereck,Vienna,https://www.tripadvisor.es/Search?q=Steirereck%20Vienna
steirereck-restaurant-restaurant,Steirereck,Vienna,https://www.tripadvisor.es/Search?q=Steirereck%20Vienna
sublime-restaurant,Sublime,Guatemala City,https://www.tripadvisor.es/Search?q=Sublime%20Guatemala%20City
suhring-restaurant-restaurant,Sühring,Bangkok,https://www.tripadvisor.es/Search?q=S%C3%BChring%20Bangkok
suhring-restaurant-restaurant-restaurant,Sühring,Bangkok,https://www.tripadvisor.es/Search?q=S%C3%BChring%20Bangkok
suhring-restaurant,Sühring,Bangkok,https://www.tripadvisor.es/Search?q=S%C3%BChring%20Bangkok
superbueno-bar,Superbueno,New York,https://www.tripadvisor.es/Search?q=Superbueno%20New%20York
superbueno-bar-bar,Superbueno,New York,https://www.tripadvisor.es/Search?q=Superbueno%20New%20York
superbueno,Superbueno,New York,https://www.tripadvisor.es/Search?q=Superbueno%20New%20York
svanen,Svanen,Oslo,https://www.tripadvisor.es/Search?q=Svanen%20Oslo
svanen-bar,Svanen,Oslo,https://www.tripadvisor.es/Search?q=Svanen%20Oslo
table-by-bruno-verjus-restaurant-restaurant,Table by Bruno Verjus,Paris,https://www.tripadvisor.es/Search?q=Table%20by%20Bruno%20Verjus%20Paris
table-by-bruno-verjus-restaurant,Table by Bruno Verjus,Paris,https://www.tripadvisor.es/Search?q=Table%20by%20Bruno%20Verjus%20Paris
tan-tan-bar,Tan Tan,São Paulo,https://www.tripadvisor.es/Search?q=Tan%20Tan%20S%C3%A3o%20Paulo
tan-tan,Tan Tan,São Paulo,https://www.tripadvisor.es/Search?q=Tan%20Tan%20S%C3%A3o%20Paulo
taniere3-restaurant,Tanière3,Quebec City,https://www.tripadvisor.es/Search?q=Tani%C3%A8re3%20Quebec%20City
taniere3-restaurant-restaurant,Tanière3,Quebec City,https://www.tripadvisor.es/Search?q=Tani%C3%A8re3%20Quebec%20City
tatiana-by-kwame-onwuachi-restaurant,Tatiana by Kwame Onwuachi,New York,https://www.tripadvisor.es/Search?q=Tatiana%20by%20Kwame%20Onwuachi%20New%20York
tatiana-by-kwame-onwuachi-restaurant-restaurant,Tatiana by Kwame Onwuachi,New York,https://www.tripadvisor.es/Search?q=Tatiana%20by%20Kwame%20Onwuachi%20New%20York
the-bar-in-front-of-the-bar-bar,The Bar in Front of the Bar,Athens,https://www.tripadvisor.es/Search?q=The%20Bar%20in%20Front%20of%20the%20Bar%20Athens
the-bar-in-front-of-the-bar,The Bar in Front of the Bar,Athens,https://www.tripadvisor.es/Search?q=The%20Bar%20in%20Front%20of%20the%20Bar%20Athens
the-bellwood,The Bellwood,Tokyo,https://www.tripadvisor.es/Search?q=The%20Bellwood%20Tokyo
the-cambridge-public-house-bar,The Cambridge Public House,Paris,https://www.tripadvisor.es/Search?q=The%20Cambridge%20Public%20House%20Paris
the-cambridge-public-house,The Cambridge Public House,Paris,https://www.tripadvisor.es/Search?q=The%20Cambridge%20Public%20House%20Paris
the-chairman-restaurant-restaurant,The Chairman,Hong Kong,https://www.tripadvisor.es/Search?q=The%20Chairman%20Hong%20Kong
the-chairman-restaurant-restaurant-restaurant,The Chairman,Hong Kong,https://www.tripadvisor.es/Search?q=The%20Chairman%20Hong%20Kong
the-chairman-restaurant,The Chairman,Hong Kong,https://www.tripadvisor.es/Search?q=The%20Chairman%20Hong%20Kong
the-keefer-bar,The Keefer Bar,Vancouver,https://www.tripadvisor.es/Search?q=The%20Keefer%20Bar%20Vancouver
the-pine-restaurant,The Pine,Collingwood,https://www.tripadvisor.es/Search?q=The%20Pine%20Collingwood
the-pine-restaurant-restaurant,The Pine,Collingwood,https://www.tripadvisor.es/Search?q=The%20Pine%20Collingwood
the-public-house-bar,The Public House,Taipei,https://www.tripadvisor.es/Search?q=The%20Public%20House%20Taipei
the-public-house,The Public House,Taipei,https://www.tripadvisor.es/Search?q=The%20Public%20House%20Taipei
the-savory-project-bar,The Savory Project,Hong Kong,https://www.tripadvisor.es/Search?q=The%20Savory%20Project%20Hong%20Kong
the-savory-project,The Savory Project,Hong Kong,https://www.tripadvisor.es/Search?q=The%20Savory%20Project%20Hong%20Kong
the-st-regis-bar-jakarta,The St. Regis Bar,Jakarta,https://www.tripadvisor.es/Search?q=The%20St.%20Regis%20Bar%20Jakarta
the-st-regis-bar-jakarta-bar,The St. Regis Bar,Jakarta,https://www.tripadvisor.es/Search?q=The%20St.%20Regis%20Bar%20Jakarta
three-x-co,Three X Co,Kuala Lumpur,https://www.tripadvisor.es/Search?q=Three%20X%20Co%20Kuala%20Lumpur
three-x-co-bar,Three X Co,Kuala Lumpur,https://www.tripadvisor.es/Search?q=Three%20X%20Co%20Kuala%20Lumpur
torrisi-restaurant-restaurant,Torrisi,New York,https://www.tripadvisor.es/Search?q=Torrisi%20New%20York
torrisi-restaurant,Torrisi,New York,https://www.tripadvisor.es/Search?q=Torrisi%20New%20York
tres-monos,Tres Monos,Buenos Aires,https://www.tripadvisor.es/Search?q=Tres%20Monos%20Buenos%20Aires
tres-monos-bar,Tres Monos,Buenos Aires,https://www.tripadvisor.es/Search?q=Tres%20Monos%20Buenos%20Aires
trescha-restaurant,Trescha,Buenos Aires,https://www.tripadvisor.es/Search?q=Trescha%20Buenos%20Aires
tresind-studio-restaurant-restaurant,Trèsind Studio,Dubai,https://www.tripadvisor.es/Search?q=Tr%C3%A8sind%20Studio%20Dubai
tresind-studio-restaurant,Trèsind Studio,Dubai,https://www.tripadvisor.es/Search?q=Tr%C3%A8sind%20Studio%20Dubai
true-laurel,True Laurel,San Francisco,https://www.tripadvisor.es/Search?q=True%20Laurel%20San%20Francisco
tuju-restaurant,Tuju,São Paulo,https://www.tripadvisor.es/Search?q=Tuju%20S%C3%A3o%20Paulo
uliassi-restaurant,Uliassi,Senigallia,https://www.tripadvisor.es/Search?q=Uliassi%20Senigallia
uliassi-restaurant-restaurant,Uliassi,Senigallia,https://www.tripadvisor.es/Search?q=Uliassi%20Senigallia
vender-bar,Vender,Taichung,https://www.tripadvisor.es/Search?q=Vender%20Taichung
vender,Vender,Taichung,https://www.tripadvisor.es/Search?q=Vender%20Taichung
vesper,Vesper,Bangkok,https://www.tripadvisor.es/Search?q=Vesper%20Bangkok
vesper-bar,Vesper,Bangkok,https://www.tripadvisor.es/Search?q=Vesper%20Bangkok
viceversa,Viceversa,Miami,https://www.tripadvisor.es/Search?q=Viceversa%20Miami
villa-torel-restaurant,Villa Torél,Ensenada,https://www.tripadvisor.es/Search?q=Villa%20Tor%C3%A9l%20Ensenada
vyn-restaurant,Vyn,Skillinge,https://www.tripadvisor.es/Search?q=Vyn%20Skillinge
vyn-restaurant-restaurant,Vyn,Skillinge,https://www.tripadvisor.es/Search?q=Vyn%20Skillinge
wana-yook-restaurant,Wana Yook,Bangkok,https://www.tripadvisor.es/Search?q=Wana%20Yook%20Bangkok
wana-yook-restaurant-restaurant,Wana Yook,Bangkok,https://www.tripadvisor.es/Search?q=Wana%20Yook%20Bangkok
wild-ble-restaurant,Wild Blue,Whistler,https://www.tripadvisor.es/Search?q=Wild%20Blue%20Whistler
wild-ble-restaurant-restaurant,Wild Blue,Whistler,https://www.tripadvisor.es/Search?q=Wild%20Blue%20Whistler
wing-restaurant-restaurant,Wing,Hong Kong,https://www.tripadvisor.es/Search?q=Wing%20Hong%20Kong
wing-restaurant-restaurant-restaurant,Wing,Hong Kong,https://www.tripadvisor.es/Search?q=Wing%20Hong%20Kong
wing-restaurant,Wing,Hong Kong,https://www.tripadvisor.es/Search?q=Wing%20Hong%20Kong
yum-cha-restaurant,Yum Cha,Santiago,https://www.tripadvisor.es/Search?q=Yum%20Cha%20Santiago
zest-bar-bar,Zest,Seoul,https://www.tripadvisor.es/Search?q=Zest%20Seoul
zest,Zest,Seoul,https://www.tripadvisor.es/Search?q=Zest%20Seoul
zest-bar,Zest,Seoul,https://www.tripadvisor.es/Search?q=Zest%20Seoul
zlb23-bar,ZLB23,Bengaluru,https://www.tripadvisor.es/Search?q=ZLB23%20Bengaluru
zlb23,ZLB23,Bengaluru,https://www.tripadvisor.es/Search?q=ZLB23%20Bengaluru